"file","shiny_or_not","id","variation"
"pokemon_icon_000.png",FALSE,"000",""
"pokemon_icon_001_00.png",FALSE,"001","_00"
"pokemon_icon_001_00_11.png",FALSE,"001","_00_11"
"pokemon_icon_001_00_11_shiny.png",TRUE,"001","_00_11"
"pokemon_icon_001_00_14.png",FALSE,"001","_00_14"
"pokemon_icon_001_00_14_shiny.png",TRUE,"001","_00_14"
"pokemon_icon_001_00_shiny.png",TRUE,"001","_00"
"pokemon_icon_002_00.png",FALSE,"002","_00"
"pokemon_icon_002_00_shiny.png",TRUE,"002","_00"
"pokemon_icon_003_00.png",FALSE,"003","_00"
"pokemon_icon_003_00_shiny.png",TRUE,"003","_00"
"pokemon_icon_003_01.png",FALSE,"003","_01"
"pokemon_icon_003_01_shiny.png",TRUE,"003","_01"
"pokemon_icon_003_51.png",FALSE,"003","_51"
"pokemon_icon_003_51_shiny.png",TRUE,"003","_51"
"pokemon_icon_004_00.png",FALSE,"004","_00"
"pokemon_icon_004_00_11.png",FALSE,"004","_00_11"
"pokemon_icon_004_00_11_shiny.png",TRUE,"004","_00_11"
"pokemon_icon_004_00_14.png",FALSE,"004","_00_14"
"pokemon_icon_004_00_14_shiny.png",TRUE,"004","_00_14"
"pokemon_icon_004_00_shiny.png",TRUE,"004","_00"
"pokemon_icon_005_00.png",FALSE,"005","_00"
"pokemon_icon_005_00_shiny.png",TRUE,"005","_00"
"pokemon_icon_006_00.png",FALSE,"006","_00"
"pokemon_icon_006_00_shiny.png",TRUE,"006","_00"
"pokemon_icon_006_51.png",FALSE,"006","_51"
"pokemon_icon_006_51_shiny.png",TRUE,"006","_51"
"pokemon_icon_006_52.png",FALSE,"006","_52"
"pokemon_icon_006_52_shiny.png",TRUE,"006","_52"
"pokemon_icon_007_00.png",FALSE,"007","_00"
"pokemon_icon_007_00_05.png",FALSE,"007","_00_05"
"pokemon_icon_007_00_05_shiny.png",TRUE,"007","_00_05"
"pokemon_icon_007_00_11.png",FALSE,"007","_00_11"
"pokemon_icon_007_00_11_shiny.png",TRUE,"007","_00_11"
"pokemon_icon_007_00_14.png",FALSE,"007","_00_14"
"pokemon_icon_007_00_14_shiny.png",TRUE,"007","_00_14"
"pokemon_icon_007_00_shiny.png",TRUE,"007","_00"
"pokemon_icon_008_00.png",FALSE,"008","_00"
"pokemon_icon_008_00_05.png",FALSE,"008","_00_05"
"pokemon_icon_008_00_05_shiny.png",TRUE,"008","_00_05"
"pokemon_icon_008_00_shiny.png",TRUE,"008","_00"
"pokemon_icon_009_00.png",FALSE,"009","_00"
"pokemon_icon_009_00_05.png",FALSE,"009","_00_05"
"pokemon_icon_009_00_05_shiny.png",TRUE,"009","_00_05"
"pokemon_icon_009_00_shiny.png",TRUE,"009","_00"
"pokemon_icon_009_51.png",FALSE,"009","_51"
"pokemon_icon_009_51_shiny.png",TRUE,"009","_51"
"pokemon_icon_010_00.png",FALSE,"010","_00"
"pokemon_icon_010_00_shiny.png",TRUE,"010","_00"
"pokemon_icon_011_00.png",FALSE,"011","_00"
"pokemon_icon_011_00_shiny.png",TRUE,"011","_00"
"pokemon_icon_012_00.png",FALSE,"012","_00"
"pokemon_icon_012_00_shiny.png",TRUE,"012","_00"
"pokemon_icon_012_01.png",FALSE,"012","_01"
"pokemon_icon_012_01_shiny.png",TRUE,"012","_01"
"pokemon_icon_013_00.png",FALSE,"013","_00"
"pokemon_icon_013_00_shiny.png",TRUE,"013","_00"
"pokemon_icon_014_00.png",FALSE,"014","_00"
"pokemon_icon_014_00_shiny.png",TRUE,"014","_00"
"pokemon_icon_015_00.png",FALSE,"015","_00"
"pokemon_icon_015_00_shiny.png",TRUE,"015","_00"
"pokemon_icon_015_51.png",FALSE,"015","_51"
"pokemon_icon_015_51_shiny.png",TRUE,"015","_51"
"pokemon_icon_016_00.png",FALSE,"016","_00"
"pokemon_icon_016_00_shiny.png",TRUE,"016","_00"
"pokemon_icon_017_00.png",FALSE,"017","_00"
"pokemon_icon_017_00_shiny.png",TRUE,"017","_00"
"pokemon_icon_018_00.png",FALSE,"018","_00"
"pokemon_icon_018_00_shiny.png",TRUE,"018","_00"
"pokemon_icon_018_51.png",FALSE,"018","_51"
"pokemon_icon_018_51_shiny.png",TRUE,"018","_51"
"pokemon_icon_019_00.png",FALSE,"019","_00"
"pokemon_icon_019_00_shiny.png",TRUE,"019","_00"
"pokemon_icon_019_01.png",FALSE,"019","_01"
"pokemon_icon_019_01_shiny.png",TRUE,"019","_01"
"pokemon_icon_019_61.png",FALSE,"019","_61"
"pokemon_icon_019_61_shiny.png",TRUE,"019","_61"
"pokemon_icon_020_00.png",FALSE,"020","_00"
"pokemon_icon_020_00_11.png",FALSE,"020","_00_11"
"pokemon_icon_020_00_11_shiny.png",TRUE,"020","_00_11"
"pokemon_icon_020_00_shiny.png",TRUE,"020","_00"
"pokemon_icon_020_01.png",FALSE,"020","_01"
"pokemon_icon_020_01_11.png",FALSE,"020","_01_11"
"pokemon_icon_020_01_11_shiny.png",TRUE,"020","_01_11"
"pokemon_icon_020_01_shiny.png",TRUE,"020","_01"
"pokemon_icon_020_61.png",FALSE,"020","_61"
"pokemon_icon_020_61_shiny.png",TRUE,"020","_61"
"pokemon_icon_021_00.png",FALSE,"021","_00"
"pokemon_icon_021_00_shiny.png",TRUE,"021","_00"
"pokemon_icon_022_00.png",FALSE,"022","_00"
"pokemon_icon_022_00_shiny.png",TRUE,"022","_00"
"pokemon_icon_023_00.png",FALSE,"023","_00"
"pokemon_icon_023_00_shiny.png",TRUE,"023","_00"
"pokemon_icon_024_00.png",FALSE,"024","_00"
"pokemon_icon_024_00_shiny.png",TRUE,"024","_00"
"pokemon_icon_025_00.png",FALSE,"025","_00"
"pokemon_icon_025_00_01.png",FALSE,"025","_00_01"
"pokemon_icon_025_00_01_shiny.png",TRUE,"025","_00_01"
"pokemon_icon_025_00_02.png",FALSE,"025","_00_02"
"pokemon_icon_025_00_02_shiny.png",TRUE,"025","_00_02"
"pokemon_icon_025_00_03.png",FALSE,"025","_00_03"
"pokemon_icon_025_00_03_shiny.png",TRUE,"025","_00_03"
"pokemon_icon_025_00_04.png",FALSE,"025","_00_04"
"pokemon_icon_025_00_04_shiny.png",TRUE,"025","_00_04"
"pokemon_icon_025_00_05.png",FALSE,"025","_00_05"
"pokemon_icon_025_00_05_shiny.png",TRUE,"025","_00_05"
"pokemon_icon_025_00_06.png",FALSE,"025","_00_06"
"pokemon_icon_025_00_06_shiny.png",TRUE,"025","_00_06"
"pokemon_icon_025_00_07.png",FALSE,"025","_00_07"
"pokemon_icon_025_00_07_shiny.png",TRUE,"025","_00_07"
"pokemon_icon_025_00_08.png",FALSE,"025","_00_08"
"pokemon_icon_025_00_08_shiny.png",TRUE,"025","_00_08"
"pokemon_icon_025_00_09.png",FALSE,"025","_00_09"
"pokemon_icon_025_00_09_shiny.png",TRUE,"025","_00_09"
"pokemon_icon_025_00_10.png",FALSE,"025","_00_10"
"pokemon_icon_025_00_10_shiny.png",TRUE,"025","_00_10"
"pokemon_icon_025_00_11.png",FALSE,"025","_00_11"
"pokemon_icon_025_00_11_shiny.png",TRUE,"025","_00_11"
"pokemon_icon_025_00_12.png",FALSE,"025","_00_12"
"pokemon_icon_025_00_12_shiny.png",TRUE,"025","_00_12"
"pokemon_icon_025_00_13.png",FALSE,"025","_00_13"
"pokemon_icon_025_00_13_shiny.png",TRUE,"025","_00_13"
"pokemon_icon_025_00_22.png",FALSE,"025","_00_22"
"pokemon_icon_025_00_22_shiny.png",TRUE,"025","_00_22"
"pokemon_icon_025_00_23.png",FALSE,"025","_00_23"
"pokemon_icon_025_00_23_shiny.png",TRUE,"025","_00_23"
"pokemon_icon_025_00_24.png",FALSE,"025","_00_24"
"pokemon_icon_025_00_24_shiny.png",TRUE,"025","_00_24"
"pokemon_icon_025_00_25.png",FALSE,"025","_00_25"
"pokemon_icon_025_00_25_shiny.png",TRUE,"025","_00_25"
"pokemon_icon_025_00_27.png",FALSE,"025","_00_27"
"pokemon_icon_025_00_27_shiny.png",TRUE,"025","_00_27"
"pokemon_icon_025_00_shiny.png",TRUE,"025","_00"
"pokemon_icon_025_01.png",FALSE,"025","_01"
"pokemon_icon_025_01_01.png",FALSE,"025","_01_01"
"pokemon_icon_025_01_01_shiny.png",TRUE,"025","_01_01"
"pokemon_icon_025_01_02.png",FALSE,"025","_01_02"
"pokemon_icon_025_01_02_shiny.png",TRUE,"025","_01_02"
"pokemon_icon_025_01_03.png",FALSE,"025","_01_03"
"pokemon_icon_025_01_03_shiny.png",TRUE,"025","_01_03"
"pokemon_icon_025_01_04.png",FALSE,"025","_01_04"
"pokemon_icon_025_01_04_shiny.png",TRUE,"025","_01_04"
"pokemon_icon_025_01_05.png",FALSE,"025","_01_05"
"pokemon_icon_025_01_05_shiny.png",TRUE,"025","_01_05"
"pokemon_icon_025_01_06.png",FALSE,"025","_01_06"
"pokemon_icon_025_01_06_shiny.png",TRUE,"025","_01_06"
"pokemon_icon_025_01_07.png",FALSE,"025","_01_07"
"pokemon_icon_025_01_07_shiny.png",TRUE,"025","_01_07"
"pokemon_icon_025_01_08.png",FALSE,"025","_01_08"
"pokemon_icon_025_01_08_shiny.png",TRUE,"025","_01_08"
"pokemon_icon_025_01_09.png",FALSE,"025","_01_09"
"pokemon_icon_025_01_09_shiny.png",TRUE,"025","_01_09"
"pokemon_icon_025_01_10.png",FALSE,"025","_01_10"
"pokemon_icon_025_01_10_shiny.png",TRUE,"025","_01_10"
"pokemon_icon_025_01_11.png",FALSE,"025","_01_11"
"pokemon_icon_025_01_11_shiny.png",TRUE,"025","_01_11"
"pokemon_icon_025_01_12.png",FALSE,"025","_01_12"
"pokemon_icon_025_01_12_shiny.png",TRUE,"025","_01_12"
"pokemon_icon_025_01_13.png",FALSE,"025","_01_13"
"pokemon_icon_025_01_13_shiny.png",TRUE,"025","_01_13"
"pokemon_icon_025_01_22.png",FALSE,"025","_01_22"
"pokemon_icon_025_01_22_shiny.png",TRUE,"025","_01_22"
"pokemon_icon_025_01_23.png",FALSE,"025","_01_23"
"pokemon_icon_025_01_23_shiny.png",TRUE,"025","_01_23"
"pokemon_icon_025_01_24.png",FALSE,"025","_01_24"
"pokemon_icon_025_01_24_shiny.png",TRUE,"025","_01_24"
"pokemon_icon_025_01_25.png",FALSE,"025","_01_25"
"pokemon_icon_025_01_25_shiny.png",TRUE,"025","_01_25"
"pokemon_icon_025_01_27.png",FALSE,"025","_01_27"
"pokemon_icon_025_01_27_shiny.png",TRUE,"025","_01_27"
"pokemon_icon_025_01_shiny.png",TRUE,"025","_01"
"pokemon_icon_025_16.png",FALSE,"025","_16"
"pokemon_icon_025_16_shiny.png",TRUE,"025","_16"
"pokemon_icon_026_00.png",FALSE,"026","_00"
"pokemon_icon_026_00_01.png",FALSE,"026","_00_01"
"pokemon_icon_026_00_01_shiny.png",TRUE,"026","_00_01"
"pokemon_icon_026_00_02.png",FALSE,"026","_00_02"
"pokemon_icon_026_00_02_shiny.png",TRUE,"026","_00_02"
"pokemon_icon_026_00_03.png",FALSE,"026","_00_03"
"pokemon_icon_026_00_03_shiny.png",TRUE,"026","_00_03"
"pokemon_icon_026_00_04.png",FALSE,"026","_00_04"
"pokemon_icon_026_00_04_shiny.png",TRUE,"026","_00_04"
"pokemon_icon_026_00_05.png",FALSE,"026","_00_05"
"pokemon_icon_026_00_05_shiny.png",TRUE,"026","_00_05"
"pokemon_icon_026_00_06.png",FALSE,"026","_00_06"
"pokemon_icon_026_00_06_shiny.png",TRUE,"026","_00_06"
"pokemon_icon_026_00_07.png",FALSE,"026","_00_07"
"pokemon_icon_026_00_07_shiny.png",TRUE,"026","_00_07"
"pokemon_icon_026_00_08.png",FALSE,"026","_00_08"
"pokemon_icon_026_00_08_shiny.png",TRUE,"026","_00_08"
"pokemon_icon_026_00_09.png",FALSE,"026","_00_09"
"pokemon_icon_026_00_09_shiny.png",TRUE,"026","_00_09"
"pokemon_icon_026_00_27.png",FALSE,"026","_00_27"
"pokemon_icon_026_00_27_shiny.png",TRUE,"026","_00_27"
"pokemon_icon_026_00_shiny.png",TRUE,"026","_00"
"pokemon_icon_026_01.png",FALSE,"026","_01"
"pokemon_icon_026_01_01.png",FALSE,"026","_01_01"
"pokemon_icon_026_01_01_shiny.png",TRUE,"026","_01_01"
"pokemon_icon_026_01_02.png",FALSE,"026","_01_02"
"pokemon_icon_026_01_02_shiny.png",TRUE,"026","_01_02"
"pokemon_icon_026_01_03.png",FALSE,"026","_01_03"
"pokemon_icon_026_01_03_shiny.png",TRUE,"026","_01_03"
"pokemon_icon_026_01_04.png",FALSE,"026","_01_04"
"pokemon_icon_026_01_04_shiny.png",TRUE,"026","_01_04"
"pokemon_icon_026_01_05.png",FALSE,"026","_01_05"
"pokemon_icon_026_01_05_shiny.png",TRUE,"026","_01_05"
"pokemon_icon_026_01_06.png",FALSE,"026","_01_06"
"pokemon_icon_026_01_06_shiny.png",TRUE,"026","_01_06"
"pokemon_icon_026_01_07.png",FALSE,"026","_01_07"
"pokemon_icon_026_01_07_shiny.png",TRUE,"026","_01_07"
"pokemon_icon_026_01_08.png",FALSE,"026","_01_08"
"pokemon_icon_026_01_08_shiny.png",TRUE,"026","_01_08"
"pokemon_icon_026_01_09.png",FALSE,"026","_01_09"
"pokemon_icon_026_01_09_shiny.png",TRUE,"026","_01_09"
"pokemon_icon_026_01_27.png",FALSE,"026","_01_27"
"pokemon_icon_026_01_27_shiny.png",TRUE,"026","_01_27"
"pokemon_icon_026_01_shiny.png",TRUE,"026","_01"
"pokemon_icon_026_61.png",FALSE,"026","_61"
"pokemon_icon_026_61_01.png",FALSE,"026","_61_01"
"pokemon_icon_026_61_01_shiny.png",TRUE,"026","_61_01"
"pokemon_icon_026_61_02.png",FALSE,"026","_61_02"
"pokemon_icon_026_61_02_shiny.png",TRUE,"026","_61_02"
"pokemon_icon_026_61_03.png",FALSE,"026","_61_03"
"pokemon_icon_026_61_03_shiny.png",TRUE,"026","_61_03"
"pokemon_icon_026_61_04.png",FALSE,"026","_61_04"
"pokemon_icon_026_61_04_shiny.png",TRUE,"026","_61_04"
"pokemon_icon_026_61_05.png",FALSE,"026","_61_05"
"pokemon_icon_026_61_05_shiny.png",TRUE,"026","_61_05"
"pokemon_icon_026_61_shiny.png",TRUE,"026","_61"
"pokemon_icon_027_00.png",FALSE,"027","_00"
"pokemon_icon_027_00_shiny.png",TRUE,"027","_00"
"pokemon_icon_027_61.png",FALSE,"027","_61"
"pokemon_icon_027_61_shiny.png",TRUE,"027","_61"
"pokemon_icon_028_00.png",FALSE,"028","_00"
"pokemon_icon_028_00_shiny.png",TRUE,"028","_00"
"pokemon_icon_028_61.png",FALSE,"028","_61"
"pokemon_icon_028_61_shiny.png",TRUE,"028","_61"
"pokemon_icon_029_00.png",FALSE,"029","_00"
"pokemon_icon_029_00_shiny.png",TRUE,"029","_00"
"pokemon_icon_030_00.png",FALSE,"030","_00"
"pokemon_icon_030_00_shiny.png",TRUE,"030","_00"
"pokemon_icon_031_00.png",FALSE,"031","_00"
"pokemon_icon_031_00_shiny.png",TRUE,"031","_00"
"pokemon_icon_032_00.png",FALSE,"032","_00"
"pokemon_icon_032_00_shiny.png",TRUE,"032","_00"
"pokemon_icon_033_00.png",FALSE,"033","_00"
"pokemon_icon_033_00_11.png",FALSE,"033","_00_11"
"pokemon_icon_033_00_11_shiny.png",TRUE,"033","_00_11"
"pokemon_icon_033_00_shiny.png",TRUE,"033","_00"
"pokemon_icon_034_00.png",FALSE,"034","_00"
"pokemon_icon_034_00_shiny.png",TRUE,"034","_00"
"pokemon_icon_035_00.png",FALSE,"035","_00"
"pokemon_icon_035_00_shiny.png",TRUE,"035","_00"
"pokemon_icon_036_00.png",FALSE,"036","_00"
"pokemon_icon_036_00_shiny.png",TRUE,"036","_00"
"pokemon_icon_037_00.png",FALSE,"037","_00"
"pokemon_icon_037_00_shiny.png",TRUE,"037","_00"
"pokemon_icon_037_61.png",FALSE,"037","_61"
"pokemon_icon_037_61_shiny.png",TRUE,"037","_61"
"pokemon_icon_038_00.png",FALSE,"038","_00"
"pokemon_icon_038_00_shiny.png",TRUE,"038","_00"
"pokemon_icon_038_61.png",FALSE,"038","_61"
"pokemon_icon_038_61_shiny.png",TRUE,"038","_61"
"pokemon_icon_039_00.png",FALSE,"039","_00"
"pokemon_icon_039_00_shiny.png",TRUE,"039","_00"
"pokemon_icon_040_00.png",FALSE,"040","_00"
"pokemon_icon_040_00_shiny.png",TRUE,"040","_00"
"pokemon_icon_041_00.png",FALSE,"041","_00"
"pokemon_icon_041_00_shiny.png",TRUE,"041","_00"
"pokemon_icon_041_01.png",FALSE,"041","_01"
"pokemon_icon_041_01_shiny.png",TRUE,"041","_01"
"pokemon_icon_042_00.png",FALSE,"042","_00"
"pokemon_icon_042_00_shiny.png",TRUE,"042","_00"
"pokemon_icon_042_01.png",FALSE,"042","_01"
"pokemon_icon_042_01_shiny.png",TRUE,"042","_01"
"pokemon_icon_043_00.png",FALSE,"043","_00"
"pokemon_icon_043_00_shiny.png",TRUE,"043","_00"
"pokemon_icon_044_00.png",FALSE,"044","_00"
"pokemon_icon_044_00_shiny.png",TRUE,"044","_00"
"pokemon_icon_044_01.png",FALSE,"044","_01"
"pokemon_icon_044_01_shiny.png",TRUE,"044","_01"
"pokemon_icon_045_00.png",FALSE,"045","_00"
"pokemon_icon_045_00_shiny.png",TRUE,"045","_00"
"pokemon_icon_045_01.png",FALSE,"045","_01"
"pokemon_icon_045_01_shiny.png",TRUE,"045","_01"
"pokemon_icon_046_00.png",FALSE,"046","_00"
"pokemon_icon_046_00_shiny.png",TRUE,"046","_00"
"pokemon_icon_047_00.png",FALSE,"047","_00"
"pokemon_icon_047_00_shiny.png",TRUE,"047","_00"
"pokemon_icon_048_00.png",FALSE,"048","_00"
"pokemon_icon_048_00_shiny.png",TRUE,"048","_00"
"pokemon_icon_049_00.png",FALSE,"049","_00"
"pokemon_icon_049_00_shiny.png",TRUE,"049","_00"
"pokemon_icon_050_00.png",FALSE,"050","_00"
"pokemon_icon_050_00_shiny.png",TRUE,"050","_00"
"pokemon_icon_050_61.png",FALSE,"050","_61"
"pokemon_icon_050_61_shiny.png",TRUE,"050","_61"
"pokemon_icon_051_00.png",FALSE,"051","_00"
"pokemon_icon_051_00_shiny.png",TRUE,"051","_00"
"pokemon_icon_051_61.png",FALSE,"051","_61"
"pokemon_icon_051_61_shiny.png",TRUE,"051","_61"
"pokemon_icon_052_00.png",FALSE,"052","_00"
"pokemon_icon_052_00_shiny.png",TRUE,"052","_00"
"pokemon_icon_052_31.png",FALSE,"052","_31"
"pokemon_icon_052_31_shiny.png",TRUE,"052","_31"
"pokemon_icon_052_61.png",FALSE,"052","_61"
"pokemon_icon_052_61_shiny.png",TRUE,"052","_61"
"pokemon_icon_053_00.png",FALSE,"053","_00"
"pokemon_icon_053_00_shiny.png",TRUE,"053","_00"
"pokemon_icon_053_61.png",FALSE,"053","_61"
"pokemon_icon_053_61_shiny.png",TRUE,"053","_61"
"pokemon_icon_054_00.png",FALSE,"054","_00"
"pokemon_icon_054_00_shiny.png",TRUE,"054","_00"
"pokemon_icon_055_00.png",FALSE,"055","_00"
"pokemon_icon_055_00_shiny.png",TRUE,"055","_00"
"pokemon_icon_056_00.png",FALSE,"056","_00"
"pokemon_icon_056_00_shiny.png",TRUE,"056","_00"
"pokemon_icon_057_00.png",FALSE,"057","_00"
"pokemon_icon_057_00_shiny.png",TRUE,"057","_00"
"pokemon_icon_058_00.png",FALSE,"058","_00"
"pokemon_icon_058_00_shiny.png",TRUE,"058","_00"
"pokemon_icon_059_00.png",FALSE,"059","_00"
"pokemon_icon_059_00_shiny.png",TRUE,"059","_00"
"pokemon_icon_060_00.png",FALSE,"060","_00"
"pokemon_icon_060_00_shiny.png",TRUE,"060","_00"
"pokemon_icon_061_00.png",FALSE,"061","_00"
"pokemon_icon_061_00_shiny.png",TRUE,"061","_00"
"pokemon_icon_062_00.png",FALSE,"062","_00"
"pokemon_icon_062_00_shiny.png",TRUE,"062","_00"
"pokemon_icon_063_00.png",FALSE,"063","_00"
"pokemon_icon_063_00_shiny.png",TRUE,"063","_00"
"pokemon_icon_064_00.png",FALSE,"064","_00"
"pokemon_icon_064_00_shiny.png",TRUE,"064","_00"
"pokemon_icon_064_01.png",FALSE,"064","_01"
"pokemon_icon_064_01_shiny.png",TRUE,"064","_01"
"pokemon_icon_065_00.png",FALSE,"065","_00"
"pokemon_icon_065_00_shiny.png",TRUE,"065","_00"
"pokemon_icon_065_01.png",FALSE,"065","_01"
"pokemon_icon_065_01_shiny.png",TRUE,"065","_01"
"pokemon_icon_066_00.png",FALSE,"066","_00"
"pokemon_icon_066_00_shiny.png",TRUE,"066","_00"
"pokemon_icon_067_00.png",FALSE,"067","_00"
"pokemon_icon_067_00_shiny.png",TRUE,"067","_00"
"pokemon_icon_068_00.png",FALSE,"068","_00"
"pokemon_icon_068_00_shiny.png",TRUE,"068","_00"
"pokemon_icon_069_00.png",FALSE,"069","_00"
"pokemon_icon_069_00_shiny.png",TRUE,"069","_00"
"pokemon_icon_070_00.png",FALSE,"070","_00"
"pokemon_icon_070_00_shiny.png",TRUE,"070","_00"
"pokemon_icon_071_00.png",FALSE,"071","_00"
"pokemon_icon_071_00_shiny.png",TRUE,"071","_00"
"pokemon_icon_072_00.png",FALSE,"072","_00"
"pokemon_icon_072_00_shiny.png",TRUE,"072","_00"
"pokemon_icon_073_00.png",FALSE,"073","_00"
"pokemon_icon_073_00_shiny.png",TRUE,"073","_00"
"pokemon_icon_074_00.png",FALSE,"074","_00"
"pokemon_icon_074_00_shiny.png",TRUE,"074","_00"
"pokemon_icon_074_61.png",FALSE,"074","_61"
"pokemon_icon_074_61_shiny.png",TRUE,"074","_61"
"pokemon_icon_075_00.png",FALSE,"075","_00"
"pokemon_icon_075_00_shiny.png",TRUE,"075","_00"
"pokemon_icon_075_61.png",FALSE,"075","_61"
"pokemon_icon_075_61_shiny.png",TRUE,"075","_61"
"pokemon_icon_076_00.png",FALSE,"076","_00"
"pokemon_icon_076_00_shiny.png",TRUE,"076","_00"
"pokemon_icon_076_61.png",FALSE,"076","_61"
"pokemon_icon_076_61_shiny.png",TRUE,"076","_61"
"pokemon_icon_077_00.png",FALSE,"077","_00"
"pokemon_icon_077_00_shiny.png",TRUE,"077","_00"
"pokemon_icon_077_31.png",FALSE,"077","_31"
"pokemon_icon_077_31_shiny.png",TRUE,"077","_31"
"pokemon_icon_078_00.png",FALSE,"078","_00"
"pokemon_icon_078_00_shiny.png",TRUE,"078","_00"
"pokemon_icon_078_31.png",FALSE,"078","_31"
"pokemon_icon_078_31_shiny.png",TRUE,"078","_31"
"pokemon_icon_079_00.png",FALSE,"079","_00"
"pokemon_icon_079_00_shiny.png",TRUE,"079","_00"
"pokemon_icon_079_31.png",FALSE,"079","_31"
"pokemon_icon_079_31_shiny.png",TRUE,"079","_31"
"pokemon_icon_080_00.png",FALSE,"080","_00"
"pokemon_icon_080_00_shiny.png",TRUE,"080","_00"
"pokemon_icon_081_00.png",FALSE,"081","_00"
"pokemon_icon_081_00_shiny.png",TRUE,"081","_00"
"pokemon_icon_082_00.png",FALSE,"082","_00"
"pokemon_icon_082_00_shiny.png",TRUE,"082","_00"
"pokemon_icon_083_00.png",FALSE,"083","_00"
"pokemon_icon_083_00_shiny.png",TRUE,"083","_00"
"pokemon_icon_083_31.png",FALSE,"083","_31"
"pokemon_icon_083_31_shiny.png",TRUE,"083","_31"
"pokemon_icon_084_00.png",FALSE,"084","_00"
"pokemon_icon_084_00_shiny.png",TRUE,"084","_00"
"pokemon_icon_084_01.png",FALSE,"084","_01"
"pokemon_icon_084_01_shiny.png",TRUE,"084","_01"
"pokemon_icon_085_00.png",FALSE,"085","_00"
"pokemon_icon_085_00_shiny.png",TRUE,"085","_00"
"pokemon_icon_085_01.png",FALSE,"085","_01"
"pokemon_icon_085_01_shiny.png",TRUE,"085","_01"
"pokemon_icon_086_00.png",FALSE,"086","_00"
"pokemon_icon_086_00_shiny.png",TRUE,"086","_00"
"pokemon_icon_087_00.png",FALSE,"087","_00"
"pokemon_icon_087_00_shiny.png",TRUE,"087","_00"
"pokemon_icon_088_00.png",FALSE,"088","_00"
"pokemon_icon_088_00_shiny.png",TRUE,"088","_00"
"pokemon_icon_088_61.png",FALSE,"088","_61"
"pokemon_icon_088_61_shiny.png",TRUE,"088","_61"
"pokemon_icon_089_00.png",FALSE,"089","_00"
"pokemon_icon_089_00_shiny.png",TRUE,"089","_00"
"pokemon_icon_089_61.png",FALSE,"089","_61"
"pokemon_icon_089_61_shiny.png",TRUE,"089","_61"
"pokemon_icon_090_00.png",FALSE,"090","_00"
"pokemon_icon_090_00_shiny.png",TRUE,"090","_00"
"pokemon_icon_091_00.png",FALSE,"091","_00"
"pokemon_icon_091_00_shiny.png",TRUE,"091","_00"
"pokemon_icon_092_00.png",FALSE,"092","_00"
"pokemon_icon_092_00_shiny.png",TRUE,"092","_00"
"pokemon_icon_093_00.png",FALSE,"093","_00"
"pokemon_icon_093_00_shiny.png",TRUE,"093","_00"
"pokemon_icon_094_00.png",FALSE,"094","_00"
"pokemon_icon_094_00_11.png",FALSE,"094","_00_11"
"pokemon_icon_094_00_11_shiny.png",TRUE,"094","_00_11"
"pokemon_icon_094_00_shiny.png",TRUE,"094","_00"
"pokemon_icon_095_00.png",FALSE,"095","_00"
"pokemon_icon_095_00_shiny.png",TRUE,"095","_00"
"pokemon_icon_096_00.png",FALSE,"096","_00"
"pokemon_icon_096_00_shiny.png",TRUE,"096","_00"
"pokemon_icon_097_00.png",FALSE,"097","_00"
"pokemon_icon_097_00_shiny.png",TRUE,"097","_00"
"pokemon_icon_097_01.png",FALSE,"097","_01"
"pokemon_icon_097_01_shiny.png",TRUE,"097","_01"
"pokemon_icon_098_00.png",FALSE,"098","_00"
"pokemon_icon_098_00_shiny.png",TRUE,"098","_00"
"pokemon_icon_099_00.png",FALSE,"099","_00"
"pokemon_icon_099_00_shiny.png",TRUE,"099","_00"
"pokemon_icon_100_00.png",FALSE,"100","_00"
"pokemon_icon_100_00_shiny.png",TRUE,"100","_00"
"pokemon_icon_101_00.png",FALSE,"101","_00"
"pokemon_icon_101_00_shiny.png",TRUE,"101","_00"
"pokemon_icon_102_00.png",FALSE,"102","_00"
"pokemon_icon_102_00_shiny.png",TRUE,"102","_00"
"pokemon_icon_103_00.png",FALSE,"103","_00"
"pokemon_icon_103_00_shiny.png",TRUE,"103","_00"
"pokemon_icon_103_61.png",FALSE,"103","_61"
"pokemon_icon_103_61_shiny.png",TRUE,"103","_61"
"pokemon_icon_104_00.png",FALSE,"104","_00"
"pokemon_icon_104_00_shiny.png",TRUE,"104","_00"
"pokemon_icon_105_00.png",FALSE,"105","_00"
"pokemon_icon_105_00_shiny.png",TRUE,"105","_00"
"pokemon_icon_105_61.png",FALSE,"105","_61"
"pokemon_icon_105_61_shiny.png",TRUE,"105","_61"
"pokemon_icon_106_00.png",FALSE,"106","_00"
"pokemon_icon_106_00_shiny.png",TRUE,"106","_00"
"pokemon_icon_107_00.png",FALSE,"107","_00"
"pokemon_icon_107_00_shiny.png",TRUE,"107","_00"
"pokemon_icon_108_00.png",FALSE,"108","_00"
"pokemon_icon_108_00_shiny.png",TRUE,"108","_00"
"pokemon_icon_109_00.png",FALSE,"109","_00"
"pokemon_icon_109_00_shiny.png",TRUE,"109","_00"
"pokemon_icon_110_00.png",FALSE,"110","_00"
"pokemon_icon_110_00_shiny.png",TRUE,"110","_00"
"pokemon_icon_110_31.png",FALSE,"110","_31"
"pokemon_icon_110_31_shiny.png",TRUE,"110","_31"
"pokemon_icon_111_00.png",FALSE,"111","_00"
"pokemon_icon_111_00_shiny.png",TRUE,"111","_00"
"pokemon_icon_111_01.png",FALSE,"111","_01"
"pokemon_icon_111_01_shiny.png",TRUE,"111","_01"
"pokemon_icon_112_00.png",FALSE,"112","_00"
"pokemon_icon_112_00_shiny.png",TRUE,"112","_00"
"pokemon_icon_112_01.png",FALSE,"112","_01"
"pokemon_icon_112_01_shiny.png",TRUE,"112","_01"
"pokemon_icon_113_00.png",FALSE,"113","_00"
"pokemon_icon_113_00_shiny.png",TRUE,"113","_00"
"pokemon_icon_114_00.png",FALSE,"114","_00"
"pokemon_icon_114_00_shiny.png",TRUE,"114","_00"
"pokemon_icon_115_00.png",FALSE,"115","_00"
"pokemon_icon_115_00_shiny.png",TRUE,"115","_00"
"pokemon_icon_116_00.png",FALSE,"116","_00"
"pokemon_icon_116_00_shiny.png",TRUE,"116","_00"
"pokemon_icon_117_00.png",FALSE,"117","_00"
"pokemon_icon_117_00_shiny.png",TRUE,"117","_00"
"pokemon_icon_118_00.png",FALSE,"118","_00"
"pokemon_icon_118_00_shiny.png",TRUE,"118","_00"
"pokemon_icon_118_01.png",FALSE,"118","_01"
"pokemon_icon_118_01_shiny.png",TRUE,"118","_01"
"pokemon_icon_119_00.png",FALSE,"119","_00"
"pokemon_icon_119_00_shiny.png",TRUE,"119","_00"
"pokemon_icon_119_01.png",FALSE,"119","_01"
"pokemon_icon_119_01_shiny.png",TRUE,"119","_01"
"pokemon_icon_120_00.png",FALSE,"120","_00"
"pokemon_icon_120_00_shiny.png",TRUE,"120","_00"
"pokemon_icon_121_00.png",FALSE,"121","_00"
"pokemon_icon_121_00_shiny.png",TRUE,"121","_00"
"pokemon_icon_122_00.png",FALSE,"122","_00"
"pokemon_icon_122_00_shiny.png",TRUE,"122","_00"
"pokemon_icon_123_00.png",FALSE,"123","_00"
"pokemon_icon_123_00_shiny.png",TRUE,"123","_00"
"pokemon_icon_123_01.png",FALSE,"123","_01"
"pokemon_icon_123_01_shiny.png",TRUE,"123","_01"
"pokemon_icon_124_00.png",FALSE,"124","_00"
"pokemon_icon_124_00_shiny.png",TRUE,"124","_00"
"pokemon_icon_125_00.png",FALSE,"125","_00"
"pokemon_icon_125_00_shiny.png",TRUE,"125","_00"
"pokemon_icon_126_00.png",FALSE,"126","_00"
"pokemon_icon_126_00_shiny.png",TRUE,"126","_00"
"pokemon_icon_127_00.png",FALSE,"127","_00"
"pokemon_icon_127_00_shiny.png",TRUE,"127","_00"
"pokemon_icon_128_00.png",FALSE,"128","_00"
"pokemon_icon_128_00_shiny.png",TRUE,"128","_00"
"pokemon_icon_129_00.png",FALSE,"129","_00"
"pokemon_icon_129_00_shiny.png",TRUE,"129","_00"
"pokemon_icon_129_01.png",FALSE,"129","_01"
"pokemon_icon_129_01_shiny.png",TRUE,"129","_01"
"pokemon_icon_130_00.png",FALSE,"130","_00"
"pokemon_icon_130_00_shiny.png",TRUE,"130","_00"
"pokemon_icon_130_01.png",FALSE,"130","_01"
"pokemon_icon_130_01_shiny.png",TRUE,"130","_01"
"pokemon_icon_131_00.png",FALSE,"131","_00"
"pokemon_icon_131_00_shiny.png",TRUE,"131","_00"
"pokemon_icon_132_00.png",FALSE,"132","_00"
"pokemon_icon_132_00_shiny.png",TRUE,"132","_00"
"pokemon_icon_133_00.png",FALSE,"133","_00"
"pokemon_icon_133_00_07.png",FALSE,"133","_00_07"
"pokemon_icon_133_00_07_shiny.png",TRUE,"133","_00_07"
"pokemon_icon_133_00_11.png",FALSE,"133","_00_11"
"pokemon_icon_133_00_11_shiny.png",TRUE,"133","_00_11"
"pokemon_icon_133_00_shiny.png",TRUE,"133","_00"
"pokemon_icon_134_00.png",FALSE,"134","_00"
"pokemon_icon_134_00_07.png",FALSE,"134","_00_07"
"pokemon_icon_134_00_07_shiny.png",TRUE,"134","_00_07"
"pokemon_icon_134_00_shiny.png",TRUE,"134","_00"
"pokemon_icon_135_00.png",FALSE,"135","_00"
"pokemon_icon_135_00_07.png",FALSE,"135","_00_07"
"pokemon_icon_135_00_07_shiny.png",TRUE,"135","_00_07"
"pokemon_icon_135_00_shiny.png",TRUE,"135","_00"
"pokemon_icon_136_00.png",FALSE,"136","_00"
"pokemon_icon_136_00_07.png",FALSE,"136","_00_07"
"pokemon_icon_136_00_07_shiny.png",TRUE,"136","_00_07"
"pokemon_icon_136_00_shiny.png",TRUE,"136","_00"
"pokemon_icon_137_00.png",FALSE,"137","_00"
"pokemon_icon_137_00_shiny.png",TRUE,"137","_00"
"pokemon_icon_138_00.png",FALSE,"138","_00"
"pokemon_icon_138_00_shiny.png",TRUE,"138","_00"
"pokemon_icon_139_00.png",FALSE,"139","_00"
"pokemon_icon_139_00_shiny.png",TRUE,"139","_00"
"pokemon_icon_140_00.png",FALSE,"140","_00"
"pokemon_icon_140_00_shiny.png",TRUE,"140","_00"
"pokemon_icon_141_00.png",FALSE,"141","_00"
"pokemon_icon_141_00_shiny.png",TRUE,"141","_00"
"pokemon_icon_142_00.png",FALSE,"142","_00"
"pokemon_icon_142_00_shiny.png",TRUE,"142","_00"
"pokemon_icon_143_00.png",FALSE,"143","_00"
"pokemon_icon_143_00_shiny.png",TRUE,"143","_00"
"pokemon_icon_144_00.png",FALSE,"144","_00"
"pokemon_icon_144_00_shiny.png",TRUE,"144","_00"
"pokemon_icon_145_00.png",FALSE,"145","_00"
"pokemon_icon_145_00_shiny.png",TRUE,"145","_00"
"pokemon_icon_146_00.png",FALSE,"146","_00"
"pokemon_icon_146_00_shiny.png",TRUE,"146","_00"
"pokemon_icon_147_00.png",FALSE,"147","_00"
"pokemon_icon_147_00_shiny.png",TRUE,"147","_00"
"pokemon_icon_148_00.png",FALSE,"148","_00"
"pokemon_icon_148_00_shiny.png",TRUE,"148","_00"
"pokemon_icon_149_00.png",FALSE,"149","_00"
"pokemon_icon_149_00_shiny.png",TRUE,"149","_00"
"pokemon_icon_150_00.png",FALSE,"150","_00"
"pokemon_icon_150_00_shiny.png",TRUE,"150","_00"
"pokemon_icon_151_00.png",FALSE,"151","_00"
"pokemon_icon_151_00_shiny.png",TRUE,"151","_00"
"pokemon_icon_152_00.png",FALSE,"152","_00"
"pokemon_icon_152_00_shiny.png",TRUE,"152","_00"
"pokemon_icon_153_00.png",FALSE,"153","_00"
"pokemon_icon_153_00_shiny.png",TRUE,"153","_00"
"pokemon_icon_154_00.png",FALSE,"154","_00"
"pokemon_icon_154_00_shiny.png",TRUE,"154","_00"
"pokemon_icon_154_01.png",FALSE,"154","_01"
"pokemon_icon_154_01_shiny.png",TRUE,"154","_01"
"pokemon_icon_155_00.png",FALSE,"155","_00"
"pokemon_icon_155_00_shiny.png",TRUE,"155","_00"
"pokemon_icon_156_00.png",FALSE,"156","_00"
"pokemon_icon_156_00_shiny.png",TRUE,"156","_00"
"pokemon_icon_157_00.png",FALSE,"157","_00"
"pokemon_icon_157_00_shiny.png",TRUE,"157","_00"
"pokemon_icon_158_00.png",FALSE,"158","_00"
"pokemon_icon_158_00_shiny.png",TRUE,"158","_00"
"pokemon_icon_159_00.png",FALSE,"159","_00"
"pokemon_icon_159_00_shiny.png",TRUE,"159","_00"
"pokemon_icon_160_00.png",FALSE,"160","_00"
"pokemon_icon_160_00_shiny.png",TRUE,"160","_00"
"pokemon_icon_161_00.png",FALSE,"161","_00"
"pokemon_icon_161_00_shiny.png",TRUE,"161","_00"
"pokemon_icon_162_00.png",FALSE,"162","_00"
"pokemon_icon_162_00_shiny.png",TRUE,"162","_00"
"pokemon_icon_163_00.png",FALSE,"163","_00"
"pokemon_icon_163_00_shiny.png",TRUE,"163","_00"
"pokemon_icon_164_00.png",FALSE,"164","_00"
"pokemon_icon_164_00_shiny.png",TRUE,"164","_00"
"pokemon_icon_165_00.png",FALSE,"165","_00"
"pokemon_icon_165_00_shiny.png",TRUE,"165","_00"
"pokemon_icon_165_01.png",FALSE,"165","_01"
"pokemon_icon_165_01_shiny.png",TRUE,"165","_01"
"pokemon_icon_166_00.png",FALSE,"166","_00"
"pokemon_icon_166_00_shiny.png",TRUE,"166","_00"
"pokemon_icon_166_01.png",FALSE,"166","_01"
"pokemon_icon_166_01_shiny.png",TRUE,"166","_01"
"pokemon_icon_167_00.png",FALSE,"167","_00"
"pokemon_icon_167_00_shiny.png",TRUE,"167","_00"
"pokemon_icon_168_00.png",FALSE,"168","_00"
"pokemon_icon_168_00_shiny.png",TRUE,"168","_00"
"pokemon_icon_169_00.png",FALSE,"169","_00"
"pokemon_icon_169_00_shiny.png",TRUE,"169","_00"
"pokemon_icon_170_00.png",FALSE,"170","_00"
"pokemon_icon_170_00_shiny.png",TRUE,"170","_00"
"pokemon_icon_171_00.png",FALSE,"171","_00"
"pokemon_icon_171_00_shiny.png",TRUE,"171","_00"
"pokemon_icon_172_00.png",FALSE,"172","_00"
"pokemon_icon_172_00_01.png",FALSE,"172","_00_01"
"pokemon_icon_172_00_01_shiny.png",TRUE,"172","_00_01"
"pokemon_icon_172_00_02.png",FALSE,"172","_00_02"
"pokemon_icon_172_00_02_shiny.png",TRUE,"172","_00_02"
"pokemon_icon_172_00_03.png",FALSE,"172","_00_03"
"pokemon_icon_172_00_03_shiny.png",TRUE,"172","_00_03"
"pokemon_icon_172_00_04.png",FALSE,"172","_00_04"
"pokemon_icon_172_00_04_shiny.png",TRUE,"172","_00_04"
"pokemon_icon_172_00_05.png",FALSE,"172","_00_05"
"pokemon_icon_172_00_05_shiny.png",TRUE,"172","_00_05"
"pokemon_icon_172_00_07.png",FALSE,"172","_00_07"
"pokemon_icon_172_00_07_shiny.png",TRUE,"172","_00_07"
"pokemon_icon_172_00_08.png",FALSE,"172","_00_08"
"pokemon_icon_172_00_08_shiny.png",TRUE,"172","_00_08"
"pokemon_icon_172_00_12.png",FALSE,"172","_00_12"
"pokemon_icon_172_00_12_shiny.png",TRUE,"172","_00_12"
"pokemon_icon_172_00_shiny.png",TRUE,"172","_00"
"pokemon_icon_173_00.png",FALSE,"173","_00"
"pokemon_icon_173_00_shiny.png",TRUE,"173","_00"
"pokemon_icon_174_00.png",FALSE,"174","_00"
"pokemon_icon_174_00_shiny.png",TRUE,"174","_00"
"pokemon_icon_175_00.png",FALSE,"175","_00"
"pokemon_icon_175_00_12.png",FALSE,"175","_00_12"
"pokemon_icon_175_00_12_shiny.png",TRUE,"175","_00_12"
"pokemon_icon_175_00_shiny.png",TRUE,"175","_00"
"pokemon_icon_176_00.png",FALSE,"176","_00"
"pokemon_icon_176_00_shiny.png",TRUE,"176","_00"
"pokemon_icon_177_00.png",FALSE,"177","_00"
"pokemon_icon_177_00_shiny.png",TRUE,"177","_00"
"pokemon_icon_178_00.png",FALSE,"178","_00"
"pokemon_icon_178_00_shiny.png",TRUE,"178","_00"
"pokemon_icon_178_01.png",FALSE,"178","_01"
"pokemon_icon_178_01_shiny.png",TRUE,"178","_01"
"pokemon_icon_179_00.png",FALSE,"179","_00"
"pokemon_icon_179_00_shiny.png",TRUE,"179","_00"
"pokemon_icon_180_00.png",FALSE,"180","_00"
"pokemon_icon_180_00_shiny.png",TRUE,"180","_00"
"pokemon_icon_181_00.png",FALSE,"181","_00"
"pokemon_icon_181_00_shiny.png",TRUE,"181","_00"
"pokemon_icon_182_00.png",FALSE,"182","_00"
"pokemon_icon_182_00_shiny.png",TRUE,"182","_00"
"pokemon_icon_183_00.png",FALSE,"183","_00"
"pokemon_icon_183_00_shiny.png",TRUE,"183","_00"
"pokemon_icon_184_00.png",FALSE,"184","_00"
"pokemon_icon_184_00_shiny.png",TRUE,"184","_00"
"pokemon_icon_185_00.png",FALSE,"185","_00"
"pokemon_icon_185_00_shiny.png",TRUE,"185","_00"
"pokemon_icon_185_01.png",FALSE,"185","_01"
"pokemon_icon_185_01_shiny.png",TRUE,"185","_01"
"pokemon_icon_186_00.png",FALSE,"186","_00"
"pokemon_icon_186_00_shiny.png",TRUE,"186","_00"
"pokemon_icon_186_01.png",FALSE,"186","_01"
"pokemon_icon_186_01_shiny.png",TRUE,"186","_01"
"pokemon_icon_187_00.png",FALSE,"187","_00"
"pokemon_icon_187_00_shiny.png",TRUE,"187","_00"
"pokemon_icon_188_00.png",FALSE,"188","_00"
"pokemon_icon_188_00_shiny.png",TRUE,"188","_00"
"pokemon_icon_189_00.png",FALSE,"189","_00"
"pokemon_icon_189_00_shiny.png",TRUE,"189","_00"
"pokemon_icon_190_00.png",FALSE,"190","_00"
"pokemon_icon_190_00_shiny.png",TRUE,"190","_00"
"pokemon_icon_190_01.png",FALSE,"190","_01"
"pokemon_icon_190_01_shiny.png",TRUE,"190","_01"
"pokemon_icon_191_00.png",FALSE,"191","_00"
"pokemon_icon_191_00_shiny.png",TRUE,"191","_00"
"pokemon_icon_192_00.png",FALSE,"192","_00"
"pokemon_icon_192_00_shiny.png",TRUE,"192","_00"
"pokemon_icon_193_00.png",FALSE,"193","_00"
"pokemon_icon_193_00_shiny.png",TRUE,"193","_00"
"pokemon_icon_194_00.png",FALSE,"194","_00"
"pokemon_icon_194_00_shiny.png",TRUE,"194","_00"
"pokemon_icon_194_01.png",FALSE,"194","_01"
"pokemon_icon_194_01_shiny.png",TRUE,"194","_01"
"pokemon_icon_195_00.png",FALSE,"195","_00"
"pokemon_icon_195_00_shiny.png",TRUE,"195","_00"
"pokemon_icon_195_01.png",FALSE,"195","_01"
"pokemon_icon_195_01_shiny.png",TRUE,"195","_01"
"pokemon_icon_196_00.png",FALSE,"196","_00"
"pokemon_icon_196_00_07.png",FALSE,"196","_00_07"
"pokemon_icon_196_00_07_shiny.png",TRUE,"196","_00_07"
"pokemon_icon_196_00_shiny.png",TRUE,"196","_00"
"pokemon_icon_197_00.png",FALSE,"197","_00"
"pokemon_icon_197_00_07.png",FALSE,"197","_00_07"
"pokemon_icon_197_00_07_shiny.png",TRUE,"197","_00_07"
"pokemon_icon_197_00_shiny.png",TRUE,"197","_00"
"pokemon_icon_198_00.png",FALSE,"198","_00"
"pokemon_icon_198_00_shiny.png",TRUE,"198","_00"
"pokemon_icon_198_01.png",FALSE,"198","_01"
"pokemon_icon_198_01_shiny.png",TRUE,"198","_01"
"pokemon_icon_199_00.png",FALSE,"199","_00"
"pokemon_icon_199_00_shiny.png",TRUE,"199","_00"
"pokemon_icon_200_00.png",FALSE,"200","_00"
"pokemon_icon_200_00_shiny.png",TRUE,"200","_00"
"pokemon_icon_201_00.png",FALSE,"201","_00"
"pokemon_icon_201_00_shiny.png",TRUE,"201","_00"
"pokemon_icon_201_11.png",FALSE,"201","_11"
"pokemon_icon_201_11_shiny.png",TRUE,"201","_11"
"pokemon_icon_201_12.png",FALSE,"201","_12"
"pokemon_icon_201_12_shiny.png",TRUE,"201","_12"
"pokemon_icon_201_13.png",FALSE,"201","_13"
"pokemon_icon_201_13_shiny.png",TRUE,"201","_13"
"pokemon_icon_201_14.png",FALSE,"201","_14"
"pokemon_icon_201_14_shiny.png",TRUE,"201","_14"
"pokemon_icon_201_15.png",FALSE,"201","_15"
"pokemon_icon_201_15_shiny.png",TRUE,"201","_15"
"pokemon_icon_201_16.png",FALSE,"201","_16"
"pokemon_icon_201_16_shiny.png",TRUE,"201","_16"
"pokemon_icon_201_17.png",FALSE,"201","_17"
"pokemon_icon_201_17_shiny.png",TRUE,"201","_17"
"pokemon_icon_201_18.png",FALSE,"201","_18"
"pokemon_icon_201_18_shiny.png",TRUE,"201","_18"
"pokemon_icon_201_19.png",FALSE,"201","_19"
"pokemon_icon_201_19_shiny.png",TRUE,"201","_19"
"pokemon_icon_201_20.png",FALSE,"201","_20"
"pokemon_icon_201_20_shiny.png",TRUE,"201","_20"
"pokemon_icon_201_21.png",FALSE,"201","_21"
"pokemon_icon_201_21_shiny.png",TRUE,"201","_21"
"pokemon_icon_201_22.png",FALSE,"201","_22"
"pokemon_icon_201_22_shiny.png",TRUE,"201","_22"
"pokemon_icon_201_23.png",FALSE,"201","_23"
"pokemon_icon_201_23_shiny.png",TRUE,"201","_23"
"pokemon_icon_201_24.png",FALSE,"201","_24"
"pokemon_icon_201_24_shiny.png",TRUE,"201","_24"
"pokemon_icon_201_25.png",FALSE,"201","_25"
"pokemon_icon_201_25_shiny.png",TRUE,"201","_25"
"pokemon_icon_201_26.png",FALSE,"201","_26"
"pokemon_icon_201_26_shiny.png",TRUE,"201","_26"
"pokemon_icon_201_27.png",FALSE,"201","_27"
"pokemon_icon_201_27_shiny.png",TRUE,"201","_27"
"pokemon_icon_201_28.png",FALSE,"201","_28"
"pokemon_icon_201_28_shiny.png",TRUE,"201","_28"
"pokemon_icon_201_29.png",FALSE,"201","_29"
"pokemon_icon_201_29_shiny.png",TRUE,"201","_29"
"pokemon_icon_201_30.png",FALSE,"201","_30"
"pokemon_icon_201_30_shiny.png",TRUE,"201","_30"
"pokemon_icon_201_31.png",FALSE,"201","_31"
"pokemon_icon_201_31_shiny.png",TRUE,"201","_31"
"pokemon_icon_201_32.png",FALSE,"201","_32"
"pokemon_icon_201_32_shiny.png",TRUE,"201","_32"
"pokemon_icon_201_33.png",FALSE,"201","_33"
"pokemon_icon_201_33_shiny.png",TRUE,"201","_33"
"pokemon_icon_201_34.png",FALSE,"201","_34"
"pokemon_icon_201_34_shiny.png",TRUE,"201","_34"
"pokemon_icon_201_35.png",FALSE,"201","_35"
"pokemon_icon_201_35_shiny.png",TRUE,"201","_35"
"pokemon_icon_201_36.png",FALSE,"201","_36"
"pokemon_icon_201_36_shiny.png",TRUE,"201","_36"
"pokemon_icon_201_37.png",FALSE,"201","_37"
"pokemon_icon_201_37_shiny.png",TRUE,"201","_37"
"pokemon_icon_201_38.png",FALSE,"201","_38"
"pokemon_icon_201_38_shiny.png",TRUE,"201","_38"
"pokemon_icon_202_00.png",FALSE,"202","_00"
"pokemon_icon_202_00_11.png",FALSE,"202","_00_11"
"pokemon_icon_202_00_11_shiny.png",TRUE,"202","_00_11"
"pokemon_icon_202_00_shiny.png",TRUE,"202","_00"
"pokemon_icon_202_01.png",FALSE,"202","_01"
"pokemon_icon_202_01_11.png",FALSE,"202","_01_11"
"pokemon_icon_202_01_11_shiny.png",TRUE,"202","_01_11"
"pokemon_icon_202_01_shiny.png",TRUE,"202","_01"
"pokemon_icon_203_00.png",FALSE,"203","_00"
"pokemon_icon_203_00_shiny.png",TRUE,"203","_00"
"pokemon_icon_203_01.png",FALSE,"203","_01"
"pokemon_icon_203_01_shiny.png",TRUE,"203","_01"
"pokemon_icon_204_00.png",FALSE,"204","_00"
"pokemon_icon_204_00_shiny.png",TRUE,"204","_00"
"pokemon_icon_205_00.png",FALSE,"205","_00"
"pokemon_icon_205_00_shiny.png",TRUE,"205","_00"
"pokemon_icon_206_00.png",FALSE,"206","_00"
"pokemon_icon_206_00_shiny.png",TRUE,"206","_00"
"pokemon_icon_207_00.png",FALSE,"207","_00"
"pokemon_icon_207_00_shiny.png",TRUE,"207","_00"
"pokemon_icon_207_01.png",FALSE,"207","_01"
"pokemon_icon_207_01_shiny.png",TRUE,"207","_01"
"pokemon_icon_208_00.png",FALSE,"208","_00"
"pokemon_icon_208_00_shiny.png",TRUE,"208","_00"
"pokemon_icon_208_01.png",FALSE,"208","_01"
"pokemon_icon_208_01_shiny.png",TRUE,"208","_01"
"pokemon_icon_209_00.png",FALSE,"209","_00"
"pokemon_icon_209_00_shiny.png",TRUE,"209","_00"
"pokemon_icon_210_00.png",FALSE,"210","_00"
"pokemon_icon_210_00_shiny.png",TRUE,"210","_00"
"pokemon_icon_211_00.png",FALSE,"211","_00"
"pokemon_icon_211_00_shiny.png",TRUE,"211","_00"
"pokemon_icon_212_00.png",FALSE,"212","_00"
"pokemon_icon_212_00_shiny.png",TRUE,"212","_00"
"pokemon_icon_212_01.png",FALSE,"212","_01"
"pokemon_icon_212_01_shiny.png",TRUE,"212","_01"
"pokemon_icon_213_00.png",FALSE,"213","_00"
"pokemon_icon_213_00_shiny.png",TRUE,"213","_00"
"pokemon_icon_214_00.png",FALSE,"214","_00"
"pokemon_icon_214_00_shiny.png",TRUE,"214","_00"
"pokemon_icon_214_01.png",FALSE,"214","_01"
"pokemon_icon_214_01_shiny.png",TRUE,"214","_01"
"pokemon_icon_215_00.png",FALSE,"215","_00"
"pokemon_icon_215_00_shiny.png",TRUE,"215","_00"
"pokemon_icon_215_01.png",FALSE,"215","_01"
"pokemon_icon_215_01_shiny.png",TRUE,"215","_01"
"pokemon_icon_216_00.png",FALSE,"216","_00"
"pokemon_icon_216_00_shiny.png",TRUE,"216","_00"
"pokemon_icon_217_00.png",FALSE,"217","_00"
"pokemon_icon_217_00_shiny.png",TRUE,"217","_00"
"pokemon_icon_217_01.png",FALSE,"217","_01"
"pokemon_icon_217_01_shiny.png",TRUE,"217","_01"
"pokemon_icon_218_00.png",FALSE,"218","_00"
"pokemon_icon_218_00_shiny.png",TRUE,"218","_00"
"pokemon_icon_219_00.png",FALSE,"219","_00"
"pokemon_icon_219_00_shiny.png",TRUE,"219","_00"
"pokemon_icon_220_00.png",FALSE,"220","_00"
"pokemon_icon_220_00_shiny.png",TRUE,"220","_00"
"pokemon_icon_221_00.png",FALSE,"221","_00"
"pokemon_icon_221_00_shiny.png",TRUE,"221","_00"
"pokemon_icon_221_01.png",FALSE,"221","_01"
"pokemon_icon_221_01_shiny.png",TRUE,"221","_01"
"pokemon_icon_222_00.png",FALSE,"222","_00"
"pokemon_icon_222_00_shiny.png",TRUE,"222","_00"
"pokemon_icon_223_00.png",FALSE,"223","_00"
"pokemon_icon_223_00_shiny.png",TRUE,"223","_00"
"pokemon_icon_224_00.png",FALSE,"224","_00"
"pokemon_icon_224_00_shiny.png",TRUE,"224","_00"
"pokemon_icon_224_01.png",FALSE,"224","_01"
"pokemon_icon_224_01_shiny.png",TRUE,"224","_01"
"pokemon_icon_225_00.png",FALSE,"225","_00"
"pokemon_icon_225_00_shiny.png",TRUE,"225","_00"
"pokemon_icon_226_00.png",FALSE,"226","_00"
"pokemon_icon_226_00_shiny.png",TRUE,"226","_00"
"pokemon_icon_227_00.png",FALSE,"227","_00"
"pokemon_icon_227_00_shiny.png",TRUE,"227","_00"
"pokemon_icon_228_00.png",FALSE,"228","_00"
"pokemon_icon_228_00_shiny.png",TRUE,"228","_00"
"pokemon_icon_229_00.png",FALSE,"229","_00"
"pokemon_icon_229_00_shiny.png",TRUE,"229","_00"
"pokemon_icon_229_01.png",FALSE,"229","_01"
"pokemon_icon_229_01_shiny.png",TRUE,"229","_01"
"pokemon_icon_229_51.png",FALSE,"229","_51"
"pokemon_icon_229_51_shiny.png",TRUE,"229","_51"
"pokemon_icon_230_00.png",FALSE,"230","_00"
"pokemon_icon_230_00_shiny.png",TRUE,"230","_00"
"pokemon_icon_231_00.png",FALSE,"231","_00"
"pokemon_icon_231_00_shiny.png",TRUE,"231","_00"
"pokemon_icon_232_00.png",FALSE,"232","_00"
"pokemon_icon_232_00_shiny.png",TRUE,"232","_00"
"pokemon_icon_232_01.png",FALSE,"232","_01"
"pokemon_icon_232_01_shiny.png",TRUE,"232","_01"
"pokemon_icon_233_00.png",FALSE,"233","_00"
"pokemon_icon_233_00_shiny.png",TRUE,"233","_00"
"pokemon_icon_234_00.png",FALSE,"234","_00"
"pokemon_icon_234_00_08.png",FALSE,"234","_00_08"
"pokemon_icon_234_00_08_shiny.png",TRUE,"234","_00_08"
"pokemon_icon_234_00_shiny.png",TRUE,"234","_00"
"pokemon_icon_235_00.png",FALSE,"235","_00"
"pokemon_icon_235_00_shiny.png",TRUE,"235","_00"
"pokemon_icon_236_00.png",FALSE,"236","_00"
"pokemon_icon_236_00_shiny.png",TRUE,"236","_00"
"pokemon_icon_237_00.png",FALSE,"237","_00"
"pokemon_icon_237_00_shiny.png",TRUE,"237","_00"
"pokemon_icon_238_00.png",FALSE,"238","_00"
"pokemon_icon_238_00_16.png",FALSE,"238","_00_16"
"pokemon_icon_238_00_16_shiny.png",TRUE,"238","_00_16"
"pokemon_icon_238_00_shiny.png",TRUE,"238","_00"
"pokemon_icon_239_00.png",FALSE,"239","_00"
"pokemon_icon_239_00_shiny.png",TRUE,"239","_00"
"pokemon_icon_240_00.png",FALSE,"240","_00"
"pokemon_icon_240_00_shiny.png",TRUE,"240","_00"
"pokemon_icon_241_00.png",FALSE,"241","_00"
"pokemon_icon_241_00_shiny.png",TRUE,"241","_00"
"pokemon_icon_242_00.png",FALSE,"242","_00"
"pokemon_icon_242_00_shiny.png",TRUE,"242","_00"
"pokemon_icon_243_00.png",FALSE,"243","_00"
"pokemon_icon_243_00_shiny.png",TRUE,"243","_00"
"pokemon_icon_244_00.png",FALSE,"244","_00"
"pokemon_icon_244_00_shiny.png",TRUE,"244","_00"
"pokemon_icon_245_00.png",FALSE,"245","_00"
"pokemon_icon_245_00_shiny.png",TRUE,"245","_00"
"pokemon_icon_246_00.png",FALSE,"246","_00"
"pokemon_icon_246_00_shiny.png",TRUE,"246","_00"
"pokemon_icon_247_00.png",FALSE,"247","_00"
"pokemon_icon_247_00_shiny.png",TRUE,"247","_00"
"pokemon_icon_248_00.png",FALSE,"248","_00"
"pokemon_icon_248_00_shiny.png",TRUE,"248","_00"
"pokemon_icon_249_00.png",FALSE,"249","_00"
"pokemon_icon_249_00_shiny.png",TRUE,"249","_00"
"pokemon_icon_250_00.png",FALSE,"250","_00"
"pokemon_icon_250_00_shiny.png",TRUE,"250","_00"
"pokemon_icon_251_00.png",FALSE,"251","_00"
"pokemon_icon_251_00_shiny.png",TRUE,"251","_00"
"pokemon_icon_252_00.png",FALSE,"252","_00"
"pokemon_icon_252_00_shiny.png",TRUE,"252","_00"
"pokemon_icon_253_00.png",FALSE,"253","_00"
"pokemon_icon_253_00_shiny.png",TRUE,"253","_00"
"pokemon_icon_254_00.png",FALSE,"254","_00"
"pokemon_icon_254_00_shiny.png",TRUE,"254","_00"
"pokemon_icon_255_00.png",FALSE,"255","_00"
"pokemon_icon_255_00_shiny.png",TRUE,"255","_00"
"pokemon_icon_255_01.png",FALSE,"255","_01"
"pokemon_icon_255_01_shiny.png",TRUE,"255","_01"
"pokemon_icon_256_00.png",FALSE,"256","_00"
"pokemon_icon_256_00_shiny.png",TRUE,"256","_00"
"pokemon_icon_256_01.png",FALSE,"256","_01"
"pokemon_icon_256_01_shiny.png",TRUE,"256","_01"
"pokemon_icon_257_00.png",FALSE,"257","_00"
"pokemon_icon_257_00_shiny.png",TRUE,"257","_00"
"pokemon_icon_257_01.png",FALSE,"257","_01"
"pokemon_icon_257_01_shiny.png",TRUE,"257","_01"
"pokemon_icon_258_00.png",FALSE,"258","_00"
"pokemon_icon_258_00_shiny.png",TRUE,"258","_00"
"pokemon_icon_259_00.png",FALSE,"259","_00"
"pokemon_icon_259_00_shiny.png",TRUE,"259","_00"
"pokemon_icon_260_00.png",FALSE,"260","_00"
"pokemon_icon_260_00_shiny.png",TRUE,"260","_00"
"pokemon_icon_261_00.png",FALSE,"261","_00"
"pokemon_icon_261_00_shiny.png",TRUE,"261","_00"
"pokemon_icon_262_00.png",FALSE,"262","_00"
"pokemon_icon_262_00_shiny.png",TRUE,"262","_00"
"pokemon_icon_263_00.png",FALSE,"263","_00"
"pokemon_icon_263_00_shiny.png",TRUE,"263","_00"
"pokemon_icon_263_31.png",FALSE,"263","_31"
"pokemon_icon_263_31_shiny.png",TRUE,"263","_31"
"pokemon_icon_264_00.png",FALSE,"264","_00"
"pokemon_icon_264_00_shiny.png",TRUE,"264","_00"
"pokemon_icon_264_31.png",FALSE,"264","_31"
"pokemon_icon_264_31_shiny.png",TRUE,"264","_31"
"pokemon_icon_265_00.png",FALSE,"265","_00"
"pokemon_icon_265_00_11.png",FALSE,"265","_00_11"
"pokemon_icon_265_00_11_shiny.png",TRUE,"265","_00_11"
"pokemon_icon_265_00_shiny.png",TRUE,"265","_00"
"pokemon_icon_266_00.png",FALSE,"266","_00"
"pokemon_icon_266_00_shiny.png",TRUE,"266","_00"
"pokemon_icon_267_00.png",FALSE,"267","_00"
"pokemon_icon_267_00_shiny.png",TRUE,"267","_00"
"pokemon_icon_267_01.png",FALSE,"267","_01"
"pokemon_icon_267_01_shiny.png",TRUE,"267","_01"
"pokemon_icon_268_00.png",FALSE,"268","_00"
"pokemon_icon_268_00_shiny.png",TRUE,"268","_00"
"pokemon_icon_269_00.png",FALSE,"269","_00"
"pokemon_icon_269_00_shiny.png",TRUE,"269","_00"
"pokemon_icon_269_01.png",FALSE,"269","_01"
"pokemon_icon_269_01_shiny.png",TRUE,"269","_01"
"pokemon_icon_270_00.png",FALSE,"270","_00"
"pokemon_icon_270_00_shiny.png",TRUE,"270","_00"
"pokemon_icon_271_00.png",FALSE,"271","_00"
"pokemon_icon_271_00_shiny.png",TRUE,"271","_00"
"pokemon_icon_272_00.png",FALSE,"272","_00"
"pokemon_icon_272_00_shiny.png",TRUE,"272","_00"
"pokemon_icon_272_01.png",FALSE,"272","_01"
"pokemon_icon_272_01_shiny.png",TRUE,"272","_01"
"pokemon_icon_273_00.png",FALSE,"273","_00"
"pokemon_icon_273_00_shiny.png",TRUE,"273","_00"
"pokemon_icon_274_00.png",FALSE,"274","_00"
"pokemon_icon_274_00_shiny.png",TRUE,"274","_00"
"pokemon_icon_274_01.png",FALSE,"274","_01"
"pokemon_icon_274_01_shiny.png",TRUE,"274","_01"
"pokemon_icon_275_00.png",FALSE,"275","_00"
"pokemon_icon_275_00_shiny.png",TRUE,"275","_00"
"pokemon_icon_275_01.png",FALSE,"275","_01"
"pokemon_icon_275_01_shiny.png",TRUE,"275","_01"
"pokemon_icon_276_00.png",FALSE,"276","_00"
"pokemon_icon_276_00_shiny.png",TRUE,"276","_00"
"pokemon_icon_277_00.png",FALSE,"277","_00"
"pokemon_icon_277_00_shiny.png",TRUE,"277","_00"
"pokemon_icon_278_00.png",FALSE,"278","_00"
"pokemon_icon_278_00_shiny.png",TRUE,"278","_00"
"pokemon_icon_279_00.png",FALSE,"279","_00"
"pokemon_icon_279_00_shiny.png",TRUE,"279","_00"
"pokemon_icon_280_00.png",FALSE,"280","_00"
"pokemon_icon_280_00_shiny.png",TRUE,"280","_00"
"pokemon_icon_281_00.png",FALSE,"281","_00"
"pokemon_icon_281_00_16.png",FALSE,"281","_00_16"
"pokemon_icon_281_00_16_shiny.png",TRUE,"281","_00_16"
"pokemon_icon_281_00_shiny.png",TRUE,"281","_00"
"pokemon_icon_282_00.png",FALSE,"282","_00"
"pokemon_icon_282_00_shiny.png",TRUE,"282","_00"
"pokemon_icon_283_00.png",FALSE,"283","_00"
"pokemon_icon_283_00_shiny.png",TRUE,"283","_00"
"pokemon_icon_284_00.png",FALSE,"284","_00"
"pokemon_icon_284_00_shiny.png",TRUE,"284","_00"
"pokemon_icon_285_00.png",FALSE,"285","_00"
"pokemon_icon_285_00_shiny.png",TRUE,"285","_00"
"pokemon_icon_286_00.png",FALSE,"286","_00"
"pokemon_icon_286_00_shiny.png",TRUE,"286","_00"
"pokemon_icon_287_00.png",FALSE,"287","_00"
"pokemon_icon_287_00_shiny.png",TRUE,"287","_00"
"pokemon_icon_288_00.png",FALSE,"288","_00"
"pokemon_icon_288_00_shiny.png",TRUE,"288","_00"
"pokemon_icon_289_00.png",FALSE,"289","_00"
"pokemon_icon_289_00_shiny.png",TRUE,"289","_00"
"pokemon_icon_290_00.png",FALSE,"290","_00"
"pokemon_icon_290_00_shiny.png",TRUE,"290","_00"
"pokemon_icon_291_00.png",FALSE,"291","_00"
"pokemon_icon_291_00_shiny.png",TRUE,"291","_00"
"pokemon_icon_292_00.png",FALSE,"292","_00"
"pokemon_icon_292_00_shiny.png",TRUE,"292","_00"
"pokemon_icon_293_00.png",FALSE,"293","_00"
"pokemon_icon_293_00_shiny.png",TRUE,"293","_00"
"pokemon_icon_294_00.png",FALSE,"294","_00"
"pokemon_icon_294_00_shiny.png",TRUE,"294","_00"
"pokemon_icon_295_00.png",FALSE,"295","_00"
"pokemon_icon_295_00_shiny.png",TRUE,"295","_00"
"pokemon_icon_296_00.png",FALSE,"296","_00"
"pokemon_icon_296_00_shiny.png",TRUE,"296","_00"
"pokemon_icon_297_00.png",FALSE,"297","_00"
"pokemon_icon_297_00_shiny.png",TRUE,"297","_00"
"pokemon_icon_298_00.png",FALSE,"298","_00"
"pokemon_icon_298_00_shiny.png",TRUE,"298","_00"
"pokemon_icon_299_00.png",FALSE,"299","_00"
"pokemon_icon_299_00_shiny.png",TRUE,"299","_00"
"pokemon_icon_300_00.png",FALSE,"300","_00"
"pokemon_icon_300_00_shiny.png",TRUE,"300","_00"
"pokemon_icon_301_00.png",FALSE,"301","_00"
"pokemon_icon_301_00_shiny.png",TRUE,"301","_00"
"pokemon_icon_302_00.png",FALSE,"302","_00"
"pokemon_icon_302_00_shiny.png",TRUE,"302","_00"
"pokemon_icon_303_00.png",FALSE,"303","_00"
"pokemon_icon_303_00_shiny.png",TRUE,"303","_00"
"pokemon_icon_304_00.png",FALSE,"304","_00"
"pokemon_icon_304_00_shiny.png",TRUE,"304","_00"
"pokemon_icon_305_00.png",FALSE,"305","_00"
"pokemon_icon_305_00_shiny.png",TRUE,"305","_00"
"pokemon_icon_306_00.png",FALSE,"306","_00"
"pokemon_icon_306_00_shiny.png",TRUE,"306","_00"
"pokemon_icon_307_00.png",FALSE,"307","_00"
"pokemon_icon_307_00_shiny.png",TRUE,"307","_00"
"pokemon_icon_307_01.png",FALSE,"307","_01"
"pokemon_icon_307_01_shiny.png",TRUE,"307","_01"
"pokemon_icon_308_00.png",FALSE,"308","_00"
"pokemon_icon_308_00_shiny.png",TRUE,"308","_00"
"pokemon_icon_308_01.png",FALSE,"308","_01"
"pokemon_icon_308_01_shiny.png",TRUE,"308","_01"
"pokemon_icon_309_00.png",FALSE,"309","_00"
"pokemon_icon_309_00_shiny.png",TRUE,"309","_00"
"pokemon_icon_310_00.png",FALSE,"310","_00"
"pokemon_icon_310_00_shiny.png",TRUE,"310","_00"
"pokemon_icon_311_00.png",FALSE,"311","_00"
"pokemon_icon_311_00_shiny.png",TRUE,"311","_00"
"pokemon_icon_312_00.png",FALSE,"312","_00"
"pokemon_icon_312_00_shiny.png",TRUE,"312","_00"
"pokemon_icon_313_00.png",FALSE,"313","_00"
"pokemon_icon_313_00_shiny.png",TRUE,"313","_00"
"pokemon_icon_314_00.png",FALSE,"314","_00"
"pokemon_icon_314_00_shiny.png",TRUE,"314","_00"
"pokemon_icon_315_00.png",FALSE,"315","_00"
"pokemon_icon_315_00_shiny.png",TRUE,"315","_00"
"pokemon_icon_315_01.png",FALSE,"315","_01"
"pokemon_icon_315_01_shiny.png",TRUE,"315","_01"
"pokemon_icon_316_00.png",FALSE,"316","_00"
"pokemon_icon_316_00_shiny.png",TRUE,"316","_00"
"pokemon_icon_316_01.png",FALSE,"316","_01"
"pokemon_icon_316_01_shiny.png",TRUE,"316","_01"
"pokemon_icon_317_00.png",FALSE,"317","_00"
"pokemon_icon_317_00_shiny.png",TRUE,"317","_00"
"pokemon_icon_317_01.png",FALSE,"317","_01"
"pokemon_icon_317_01_shiny.png",TRUE,"317","_01"
"pokemon_icon_318_00.png",FALSE,"318","_00"
"pokemon_icon_318_00_shiny.png",TRUE,"318","_00"
"pokemon_icon_319_00.png",FALSE,"319","_00"
"pokemon_icon_319_00_shiny.png",TRUE,"319","_00"
"pokemon_icon_320_00.png",FALSE,"320","_00"
"pokemon_icon_320_00_shiny.png",TRUE,"320","_00"
"pokemon_icon_321_00.png",FALSE,"321","_00"
"pokemon_icon_321_00_shiny.png",TRUE,"321","_00"
"pokemon_icon_322_00.png",FALSE,"322","_00"
"pokemon_icon_322_00_shiny.png",TRUE,"322","_00"
"pokemon_icon_322_01.png",FALSE,"322","_01"
"pokemon_icon_322_01_shiny.png",TRUE,"322","_01"
"pokemon_icon_323_00.png",FALSE,"323","_00"
"pokemon_icon_323_00_shiny.png",TRUE,"323","_00"
"pokemon_icon_323_01.png",FALSE,"323","_01"
"pokemon_icon_323_01_shiny.png",TRUE,"323","_01"
"pokemon_icon_324_00.png",FALSE,"324","_00"
"pokemon_icon_324_00_shiny.png",TRUE,"324","_00"
"pokemon_icon_325_00.png",FALSE,"325","_00"
"pokemon_icon_325_00_shiny.png",TRUE,"325","_00"
"pokemon_icon_326_00.png",FALSE,"326","_00"
"pokemon_icon_326_00_shiny.png",TRUE,"326","_00"
"pokemon_icon_327_00.png",FALSE,"327","_00"
"pokemon_icon_327_00_shiny.png",TRUE,"327","_00"
"pokemon_icon_327_11.png",FALSE,"327","_11"
"pokemon_icon_327_11_shiny.png",TRUE,"327","_11"
"pokemon_icon_327_12.png",FALSE,"327","_12"
"pokemon_icon_327_12_shiny.png",TRUE,"327","_12"
"pokemon_icon_327_13.png",FALSE,"327","_13"
"pokemon_icon_327_13_shiny.png",TRUE,"327","_13"
"pokemon_icon_327_14.png",FALSE,"327","_14"
"pokemon_icon_327_14_shiny.png",TRUE,"327","_14"
"pokemon_icon_327_15.png",FALSE,"327","_15"
"pokemon_icon_327_15_shiny.png",TRUE,"327","_15"
"pokemon_icon_327_16.png",FALSE,"327","_16"
"pokemon_icon_327_16_shiny.png",TRUE,"327","_16"
"pokemon_icon_327_17.png",FALSE,"327","_17"
"pokemon_icon_327_17_shiny.png",TRUE,"327","_17"
"pokemon_icon_327_18.png",FALSE,"327","_18"
"pokemon_icon_327_18_shiny.png",TRUE,"327","_18"
"pokemon_icon_327_19.png",FALSE,"327","_19"
"pokemon_icon_327_19_shiny.png",TRUE,"327","_19"
"pokemon_icon_328_00.png",FALSE,"328","_00"
"pokemon_icon_328_00_shiny.png",TRUE,"328","_00"
"pokemon_icon_329_00.png",FALSE,"329","_00"
"pokemon_icon_329_00_shiny.png",TRUE,"329","_00"
"pokemon_icon_330_00.png",FALSE,"330","_00"
"pokemon_icon_330_00_shiny.png",TRUE,"330","_00"
"pokemon_icon_331_00.png",FALSE,"331","_00"
"pokemon_icon_331_00_shiny.png",TRUE,"331","_00"
"pokemon_icon_332_00.png",FALSE,"332","_00"
"pokemon_icon_332_00_shiny.png",TRUE,"332","_00"
"pokemon_icon_332_01.png",FALSE,"332","_01"
"pokemon_icon_332_01_shiny.png",TRUE,"332","_01"
"pokemon_icon_333_00.png",FALSE,"333","_00"
"pokemon_icon_333_00_shiny.png",TRUE,"333","_00"
"pokemon_icon_334_00.png",FALSE,"334","_00"
"pokemon_icon_334_00_shiny.png",TRUE,"334","_00"
"pokemon_icon_335_00.png",FALSE,"335","_00"
"pokemon_icon_335_00_shiny.png",TRUE,"335","_00"
"pokemon_icon_336_00.png",FALSE,"336","_00"
"pokemon_icon_336_00_shiny.png",TRUE,"336","_00"
"pokemon_icon_337_00.png",FALSE,"337","_00"
"pokemon_icon_337_00_shiny.png",TRUE,"337","_00"
"pokemon_icon_338_00.png",FALSE,"338","_00"
"pokemon_icon_338_00_shiny.png",TRUE,"338","_00"
"pokemon_icon_339_00.png",FALSE,"339","_00"
"pokemon_icon_339_00_shiny.png",TRUE,"339","_00"
"pokemon_icon_340_00.png",FALSE,"340","_00"
"pokemon_icon_340_00_shiny.png",TRUE,"340","_00"
"pokemon_icon_341_00.png",FALSE,"341","_00"
"pokemon_icon_341_00_shiny.png",TRUE,"341","_00"
"pokemon_icon_342_00.png",FALSE,"342","_00"
"pokemon_icon_342_00_shiny.png",TRUE,"342","_00"
"pokemon_icon_343_00.png",FALSE,"343","_00"
"pokemon_icon_343_00_shiny.png",TRUE,"343","_00"
"pokemon_icon_344_00.png",FALSE,"344","_00"
"pokemon_icon_344_00_shiny.png",TRUE,"344","_00"
"pokemon_icon_345_00.png",FALSE,"345","_00"
"pokemon_icon_345_00_shiny.png",TRUE,"345","_00"
"pokemon_icon_346_00.png",FALSE,"346","_00"
"pokemon_icon_346_00_shiny.png",TRUE,"346","_00"
"pokemon_icon_347_00.png",FALSE,"347","_00"
"pokemon_icon_347_00_shiny.png",TRUE,"347","_00"
"pokemon_icon_348_00.png",FALSE,"348","_00"
"pokemon_icon_348_00_shiny.png",TRUE,"348","_00"
"pokemon_icon_349_00.png",FALSE,"349","_00"
"pokemon_icon_349_00_shiny.png",TRUE,"349","_00"
"pokemon_icon_350_00.png",FALSE,"350","_00"
"pokemon_icon_350_00_shiny.png",TRUE,"350","_00"
"pokemon_icon_350_01.png",FALSE,"350","_01"
"pokemon_icon_350_01_shiny.png",TRUE,"350","_01"
"pokemon_icon_351_00.png",FALSE,"351","_00"
"pokemon_icon_351_00_shiny.png",TRUE,"351","_00"
"pokemon_icon_351_11.png",FALSE,"351","_11"
"pokemon_icon_351_11_shiny.png",TRUE,"351","_11"
"pokemon_icon_351_12.png",FALSE,"351","_12"
"pokemon_icon_351_12_shiny.png",TRUE,"351","_12"
"pokemon_icon_351_13.png",FALSE,"351","_13"
"pokemon_icon_351_13_shiny.png",TRUE,"351","_13"
"pokemon_icon_351_14.png",FALSE,"351","_14"
"pokemon_icon_351_14_shiny.png",TRUE,"351","_14"
"pokemon_icon_352_00.png",FALSE,"352","_00"
"pokemon_icon_352_00_shiny.png",TRUE,"352","_00"
"pokemon_icon_353_00.png",FALSE,"353","_00"
"pokemon_icon_353_00_shiny.png",TRUE,"353","_00"
"pokemon_icon_354_00.png",FALSE,"354","_00"
"pokemon_icon_354_00_shiny.png",TRUE,"354","_00"
"pokemon_icon_355_00.png",FALSE,"355","_00"
"pokemon_icon_355_00_shiny.png",TRUE,"355","_00"
"pokemon_icon_356_00.png",FALSE,"356","_00"
"pokemon_icon_356_00_shiny.png",TRUE,"356","_00"
"pokemon_icon_357_00.png",FALSE,"357","_00"
"pokemon_icon_357_00_shiny.png",TRUE,"357","_00"
"pokemon_icon_358_00.png",FALSE,"358","_00"
"pokemon_icon_358_00_shiny.png",TRUE,"358","_00"
"pokemon_icon_359_00.png",FALSE,"359","_00"
"pokemon_icon_359_00_shiny.png",TRUE,"359","_00"
"pokemon_icon_360_00.png",FALSE,"360","_00"
"pokemon_icon_360_00_shiny.png",TRUE,"360","_00"
"pokemon_icon_361_00.png",FALSE,"361","_00"
"pokemon_icon_361_00_shiny.png",TRUE,"361","_00"
"pokemon_icon_362_00.png",FALSE,"362","_00"
"pokemon_icon_362_00_shiny.png",TRUE,"362","_00"
"pokemon_icon_363_00.png",FALSE,"363","_00"
"pokemon_icon_363_00_shiny.png",TRUE,"363","_00"
"pokemon_icon_364_00.png",FALSE,"364","_00"
"pokemon_icon_364_00_shiny.png",TRUE,"364","_00"
"pokemon_icon_365_00.png",FALSE,"365","_00"
"pokemon_icon_365_00_shiny.png",TRUE,"365","_00"
"pokemon_icon_366_00.png",FALSE,"366","_00"
"pokemon_icon_366_00_shiny.png",TRUE,"366","_00"
"pokemon_icon_367_00.png",FALSE,"367","_00"
"pokemon_icon_367_00_shiny.png",TRUE,"367","_00"
"pokemon_icon_368_00.png",FALSE,"368","_00"
"pokemon_icon_368_00_shiny.png",TRUE,"368","_00"
"pokemon_icon_369_00.png",FALSE,"369","_00"
"pokemon_icon_369_00_shiny.png",TRUE,"369","_00"
"pokemon_icon_369_01.png",FALSE,"369","_01"
"pokemon_icon_369_01_shiny.png",TRUE,"369","_01"
"pokemon_icon_370_00.png",FALSE,"370","_00"
"pokemon_icon_370_00_shiny.png",TRUE,"370","_00"
"pokemon_icon_371_00.png",FALSE,"371","_00"
"pokemon_icon_371_00_shiny.png",TRUE,"371","_00"
"pokemon_icon_372_00.png",FALSE,"372","_00"
"pokemon_icon_372_00_shiny.png",TRUE,"372","_00"
"pokemon_icon_373_00.png",FALSE,"373","_00"
"pokemon_icon_373_00_shiny.png",TRUE,"373","_00"
"pokemon_icon_374_00.png",FALSE,"374","_00"
"pokemon_icon_374_00_shiny.png",TRUE,"374","_00"
"pokemon_icon_375_00.png",FALSE,"375","_00"
"pokemon_icon_375_00_shiny.png",TRUE,"375","_00"
"pokemon_icon_376_00.png",FALSE,"376","_00"
"pokemon_icon_376_00_shiny.png",TRUE,"376","_00"
"pokemon_icon_377_00.png",FALSE,"377","_00"
"pokemon_icon_377_00_shiny.png",TRUE,"377","_00"
"pokemon_icon_378_00.png",FALSE,"378","_00"
"pokemon_icon_378_00_shiny.png",TRUE,"378","_00"
"pokemon_icon_379_00.png",FALSE,"379","_00"
"pokemon_icon_379_00_shiny.png",TRUE,"379","_00"
"pokemon_icon_380_00.png",FALSE,"380","_00"
"pokemon_icon_380_00_shiny.png",TRUE,"380","_00"
"pokemon_icon_381_00.png",FALSE,"381","_00"
"pokemon_icon_381_00_shiny.png",TRUE,"381","_00"
"pokemon_icon_382_00.png",FALSE,"382","_00"
"pokemon_icon_382_00_shiny.png",TRUE,"382","_00"
"pokemon_icon_383_00.png",FALSE,"383","_00"
"pokemon_icon_383_00_shiny.png",TRUE,"383","_00"
"pokemon_icon_384_00.png",FALSE,"384","_00"
"pokemon_icon_384_00_shiny.png",TRUE,"384","_00"
"pokemon_icon_385_00.png",FALSE,"385","_00"
"pokemon_icon_385_00_shiny.png",TRUE,"385","_00"
"pokemon_icon_386_00.png",FALSE,"386","_00"
"pokemon_icon_386_00_shiny.png",TRUE,"386","_00"
"pokemon_icon_386_11.png",FALSE,"386","_11"
"pokemon_icon_386_11_shiny.png",TRUE,"386","_11"
"pokemon_icon_386_12.png",FALSE,"386","_12"
"pokemon_icon_386_12_shiny.png",TRUE,"386","_12"
"pokemon_icon_386_13.png",FALSE,"386","_13"
"pokemon_icon_386_13_shiny.png",TRUE,"386","_13"
"pokemon_icon_386_14.png",FALSE,"386","_14"
"pokemon_icon_386_14_shiny.png",TRUE,"386","_14"
"pokemon_icon_387_00.png",FALSE,"387","_00"
"pokemon_icon_387_00_shiny.png",TRUE,"387","_00"
"pokemon_icon_388_00.png",FALSE,"388","_00"
"pokemon_icon_388_00_shiny.png",TRUE,"388","_00"
"pokemon_icon_389_00.png",FALSE,"389","_00"
"pokemon_icon_389_00_shiny.png",TRUE,"389","_00"
"pokemon_icon_390_00.png",FALSE,"390","_00"
"pokemon_icon_390_00_shiny.png",TRUE,"390","_00"
"pokemon_icon_391_00.png",FALSE,"391","_00"
"pokemon_icon_391_00_shiny.png",TRUE,"391","_00"
"pokemon_icon_392_00.png",FALSE,"392","_00"
"pokemon_icon_392_00_shiny.png",TRUE,"392","_00"
"pokemon_icon_393_00.png",FALSE,"393","_00"
"pokemon_icon_393_00_shiny.png",TRUE,"393","_00"
"pokemon_icon_394_00.png",FALSE,"394","_00"
"pokemon_icon_394_00_shiny.png",TRUE,"394","_00"
"pokemon_icon_395_00.png",FALSE,"395","_00"
"pokemon_icon_395_00_shiny.png",TRUE,"395","_00"
"pokemon_icon_396_00.png",FALSE,"396","_00"
"pokemon_icon_396_00_shiny.png",TRUE,"396","_00"
"pokemon_icon_396_01.png",FALSE,"396","_01"
"pokemon_icon_396_01_shiny.png",TRUE,"396","_01"
"pokemon_icon_397_00.png",FALSE,"397","_00"
"pokemon_icon_397_00_shiny.png",TRUE,"397","_00"
"pokemon_icon_397_01.png",FALSE,"397","_01"
"pokemon_icon_397_01_shiny.png",TRUE,"397","_01"
"pokemon_icon_398_00.png",FALSE,"398","_00"
"pokemon_icon_398_00_shiny.png",TRUE,"398","_00"
"pokemon_icon_398_01.png",FALSE,"398","_01"
"pokemon_icon_398_01_shiny.png",TRUE,"398","_01"
"pokemon_icon_399_00.png",FALSE,"399","_00"
"pokemon_icon_399_00_shiny.png",TRUE,"399","_00"
"pokemon_icon_399_01.png",FALSE,"399","_01"
"pokemon_icon_399_01_shiny.png",TRUE,"399","_01"
"pokemon_icon_400_00.png",FALSE,"400","_00"
"pokemon_icon_400_00_shiny.png",TRUE,"400","_00"
"pokemon_icon_400_01.png",FALSE,"400","_01"
"pokemon_icon_400_01_shiny.png",TRUE,"400","_01"
"pokemon_icon_401_00.png",FALSE,"401","_00"
"pokemon_icon_401_00_shiny.png",TRUE,"401","_00"
"pokemon_icon_401_01.png",FALSE,"401","_01"
"pokemon_icon_401_01_shiny.png",TRUE,"401","_01"
"pokemon_icon_402_00.png",FALSE,"402","_00"
"pokemon_icon_402_00_shiny.png",TRUE,"402","_00"
"pokemon_icon_402_01.png",FALSE,"402","_01"
"pokemon_icon_402_01_shiny.png",TRUE,"402","_01"
"pokemon_icon_403_00.png",FALSE,"403","_00"
"pokemon_icon_403_00_16.png",FALSE,"403","_00_16"
"pokemon_icon_403_00_16_shiny.png",TRUE,"403","_00_16"
"pokemon_icon_403_00_shiny.png",TRUE,"403","_00"
"pokemon_icon_403_01.png",FALSE,"403","_01"
"pokemon_icon_403_01_16.png",FALSE,"403","_01_16"
"pokemon_icon_403_01_16_shiny.png",TRUE,"403","_01_16"
"pokemon_icon_403_01_shiny.png",TRUE,"403","_01"
"pokemon_icon_404_00.png",FALSE,"404","_00"
"pokemon_icon_404_00_shiny.png",TRUE,"404","_00"
"pokemon_icon_404_01.png",FALSE,"404","_01"
"pokemon_icon_404_01_shiny.png",TRUE,"404","_01"
"pokemon_icon_405_00.png",FALSE,"405","_00"
"pokemon_icon_405_00_shiny.png",TRUE,"405","_00"
"pokemon_icon_405_01.png",FALSE,"405","_01"
"pokemon_icon_405_01_shiny.png",TRUE,"405","_01"
"pokemon_icon_406_00.png",FALSE,"406","_00"
"pokemon_icon_406_00_shiny.png",TRUE,"406","_00"
"pokemon_icon_407_00.png",FALSE,"407","_00"
"pokemon_icon_407_00_shiny.png",TRUE,"407","_00"
"pokemon_icon_407_01.png",FALSE,"407","_01"
"pokemon_icon_407_01_shiny.png",TRUE,"407","_01"
"pokemon_icon_408_00.png",FALSE,"408","_00"
"pokemon_icon_408_00_shiny.png",TRUE,"408","_00"
"pokemon_icon_409_00.png",FALSE,"409","_00"
"pokemon_icon_409_00_shiny.png",TRUE,"409","_00"
"pokemon_icon_410_00.png",FALSE,"410","_00"
"pokemon_icon_410_00_shiny.png",TRUE,"410","_00"
"pokemon_icon_411_00.png",FALSE,"411","_00"
"pokemon_icon_411_00_shiny.png",TRUE,"411","_00"
"pokemon_icon_412_11.png",FALSE,"412","_11"
"pokemon_icon_412_11_shiny.png",TRUE,"412","_11"
"pokemon_icon_412_12.png",FALSE,"412","_12"
"pokemon_icon_412_12_shiny.png",TRUE,"412","_12"
"pokemon_icon_412_13.png",FALSE,"412","_13"
"pokemon_icon_412_13_shiny.png",TRUE,"412","_13"
"pokemon_icon_413_00.png",FALSE,"413","_00"
"pokemon_icon_413_00_shiny.png",TRUE,"413","_00"
"pokemon_icon_413_11.png",FALSE,"413","_11"
"pokemon_icon_413_11_shiny.png",TRUE,"413","_11"
"pokemon_icon_413_12.png",FALSE,"413","_12"
"pokemon_icon_413_12_shiny.png",TRUE,"413","_12"
"pokemon_icon_413_13.png",FALSE,"413","_13"
"pokemon_icon_413_13_shiny.png",TRUE,"413","_13"
"pokemon_icon_414_00.png",FALSE,"414","_00"
"pokemon_icon_414_00_shiny.png",TRUE,"414","_00"
"pokemon_icon_415_00.png",FALSE,"415","_00"
"pokemon_icon_415_00_shiny.png",TRUE,"415","_00"
"pokemon_icon_415_01.png",FALSE,"415","_01"
"pokemon_icon_415_01_shiny.png",TRUE,"415","_01"
"pokemon_icon_416_00.png",FALSE,"416","_00"
"pokemon_icon_416_00_shiny.png",TRUE,"416","_00"
"pokemon_icon_417_00.png",FALSE,"417","_00"
"pokemon_icon_417_00_shiny.png",TRUE,"417","_00"
"pokemon_icon_417_01.png",FALSE,"417","_01"
"pokemon_icon_417_01_shiny.png",TRUE,"417","_01"
"pokemon_icon_418_00.png",FALSE,"418","_00"
"pokemon_icon_418_00_shiny.png",TRUE,"418","_00"
"pokemon_icon_418_01.png",FALSE,"418","_01"
"pokemon_icon_418_01_shiny.png",TRUE,"418","_01"
"pokemon_icon_419_00.png",FALSE,"419","_00"
"pokemon_icon_419_00_shiny.png",TRUE,"419","_00"
"pokemon_icon_419_01.png",FALSE,"419","_01"
"pokemon_icon_419_01_shiny.png",TRUE,"419","_01"
"pokemon_icon_420_00.png",FALSE,"420","_00"
"pokemon_icon_420_00_shiny.png",TRUE,"420","_00"
"pokemon_icon_421_00.png",FALSE,"421","_00"
"pokemon_icon_421_00_shiny.png",TRUE,"421","_00"
"pokemon_icon_421_11.png",FALSE,"421","_11"
"pokemon_icon_421_11_shiny.png",TRUE,"421","_11"
"pokemon_icon_421_12.png",FALSE,"421","_12"
"pokemon_icon_421_12_shiny.png",TRUE,"421","_12"
"pokemon_icon_422_00.png",FALSE,"422","_00"
"pokemon_icon_422_00_shiny.png",TRUE,"422","_00"
"pokemon_icon_422_11.png",FALSE,"422","_11"
"pokemon_icon_422_11_shiny.png",TRUE,"422","_11"
"pokemon_icon_422_12.png",FALSE,"422","_12"
"pokemon_icon_422_12_shiny.png",TRUE,"422","_12"
"pokemon_icon_423_00.png",FALSE,"423","_00"
"pokemon_icon_423_00_shiny.png",TRUE,"423","_00"
"pokemon_icon_423_11.png",FALSE,"423","_11"
"pokemon_icon_423_11_shiny.png",TRUE,"423","_11"
"pokemon_icon_423_12.png",FALSE,"423","_12"
"pokemon_icon_423_12_shiny.png",TRUE,"423","_12"
"pokemon_icon_424_00.png",FALSE,"424","_00"
"pokemon_icon_424_00_shiny.png",TRUE,"424","_00"
"pokemon_icon_424_01.png",FALSE,"424","_01"
"pokemon_icon_424_01_shiny.png",TRUE,"424","_01"
"pokemon_icon_425_00.png",FALSE,"425","_00"
"pokemon_icon_425_00_shiny.png",TRUE,"425","_00"
"pokemon_icon_426_00.png",FALSE,"426","_00"
"pokemon_icon_426_00_shiny.png",TRUE,"426","_00"
"pokemon_icon_427_00.png",FALSE,"427","_00"
"pokemon_icon_427_00_12.png",FALSE,"427","_00_12"
"pokemon_icon_427_00_12_shiny.png",TRUE,"427","_00_12"
"pokemon_icon_427_00_shiny.png",TRUE,"427","_00"
"pokemon_icon_428_00.png",FALSE,"428","_00"
"pokemon_icon_428_00_shiny.png",TRUE,"428","_00"
"pokemon_icon_429_00.png",FALSE,"429","_00"
"pokemon_icon_429_00_shiny.png",TRUE,"429","_00"
"pokemon_icon_430_00.png",FALSE,"430","_00"
"pokemon_icon_430_00_shiny.png",TRUE,"430","_00"
"pokemon_icon_431_00.png",FALSE,"431","_00"
"pokemon_icon_431_00_shiny.png",TRUE,"431","_00"
"pokemon_icon_432_00.png",FALSE,"432","_00"
"pokemon_icon_432_00_shiny.png",TRUE,"432","_00"
"pokemon_icon_433_00.png",FALSE,"433","_00"
"pokemon_icon_433_00_shiny.png",TRUE,"433","_00"
"pokemon_icon_434_00.png",FALSE,"434","_00"
"pokemon_icon_434_00_shiny.png",TRUE,"434","_00"
"pokemon_icon_435_00.png",FALSE,"435","_00"
"pokemon_icon_435_00_shiny.png",TRUE,"435","_00"
"pokemon_icon_436_00.png",FALSE,"436","_00"
"pokemon_icon_436_00_shiny.png",TRUE,"436","_00"
"pokemon_icon_437_00.png",FALSE,"437","_00"
"pokemon_icon_437_00_shiny.png",TRUE,"437","_00"
"pokemon_icon_438_00.png",FALSE,"438","_00"
"pokemon_icon_438_00_shiny.png",TRUE,"438","_00"
"pokemon_icon_439_00.png",FALSE,"439","_00"
"pokemon_icon_439_00_shiny.png",TRUE,"439","_00"
"pokemon_icon_440_00.png",FALSE,"440","_00"
"pokemon_icon_440_00_shiny.png",TRUE,"440","_00"
"pokemon_icon_441_00.png",FALSE,"441","_00"
"pokemon_icon_441_00_shiny.png",TRUE,"441","_00"
"pokemon_icon_442_00.png",FALSE,"442","_00"
"pokemon_icon_442_00_shiny.png",TRUE,"442","_00"
"pokemon_icon_443_00.png",FALSE,"443","_00"
"pokemon_icon_443_00_shiny.png",TRUE,"443","_00"
"pokemon_icon_443_01.png",FALSE,"443","_01"
"pokemon_icon_443_01_shiny.png",TRUE,"443","_01"
"pokemon_icon_444_00.png",FALSE,"444","_00"
"pokemon_icon_444_00_shiny.png",TRUE,"444","_00"
"pokemon_icon_444_01.png",FALSE,"444","_01"
"pokemon_icon_444_01_shiny.png",TRUE,"444","_01"
"pokemon_icon_445_00.png",FALSE,"445","_00"
"pokemon_icon_445_00_shiny.png",TRUE,"445","_00"
"pokemon_icon_445_01.png",FALSE,"445","_01"
"pokemon_icon_445_01_shiny.png",TRUE,"445","_01"
"pokemon_icon_446_00.png",FALSE,"446","_00"
"pokemon_icon_446_00_shiny.png",TRUE,"446","_00"
"pokemon_icon_447_00.png",FALSE,"447","_00"
"pokemon_icon_447_00_shiny.png",TRUE,"447","_00"
"pokemon_icon_448_00.png",FALSE,"448","_00"
"pokemon_icon_448_00_shiny.png",TRUE,"448","_00"
"pokemon_icon_449_00.png",FALSE,"449","_00"
"pokemon_icon_449_00_shiny.png",TRUE,"449","_00"
"pokemon_icon_449_01.png",FALSE,"449","_01"
"pokemon_icon_449_01_shiny.png",TRUE,"449","_01"
"pokemon_icon_450_00.png",FALSE,"450","_00"
"pokemon_icon_450_00_shiny.png",TRUE,"450","_00"
"pokemon_icon_450_01.png",FALSE,"450","_01"
"pokemon_icon_450_01_shiny.png",TRUE,"450","_01"
"pokemon_icon_451_00.png",FALSE,"451","_00"
"pokemon_icon_451_00_shiny.png",TRUE,"451","_00"
"pokemon_icon_452_00.png",FALSE,"452","_00"
"pokemon_icon_452_00_shiny.png",TRUE,"452","_00"
"pokemon_icon_453_00.png",FALSE,"453","_00"
"pokemon_icon_453_00_16.png",FALSE,"453","_00_16"
"pokemon_icon_453_00_16_shiny.png",TRUE,"453","_00_16"
"pokemon_icon_453_00_shiny.png",TRUE,"453","_00"
"pokemon_icon_453_01.png",FALSE,"453","_01"
"pokemon_icon_453_01_16.png",FALSE,"453","_01_16"
"pokemon_icon_453_01_16_shiny.png",TRUE,"453","_01_16"
"pokemon_icon_453_01_shiny.png",TRUE,"453","_01"
"pokemon_icon_454_00.png",FALSE,"454","_00"
"pokemon_icon_454_00_shiny.png",TRUE,"454","_00"
"pokemon_icon_454_01.png",FALSE,"454","_01"
"pokemon_icon_454_01_shiny.png",TRUE,"454","_01"
"pokemon_icon_455_00.png",FALSE,"455","_00"
"pokemon_icon_455_00_shiny.png",TRUE,"455","_00"
"pokemon_icon_456_00.png",FALSE,"456","_00"
"pokemon_icon_456_00_shiny.png",TRUE,"456","_00"
"pokemon_icon_456_01.png",FALSE,"456","_01"
"pokemon_icon_456_01_shiny.png",TRUE,"456","_01"
"pokemon_icon_457_00.png",FALSE,"457","_00"
"pokemon_icon_457_00_shiny.png",TRUE,"457","_00"
"pokemon_icon_457_01.png",FALSE,"457","_01"
"pokemon_icon_457_01_shiny.png",TRUE,"457","_01"
"pokemon_icon_458_00.png",FALSE,"458","_00"
"pokemon_icon_458_00_shiny.png",TRUE,"458","_00"
"pokemon_icon_459_00.png",FALSE,"459","_00"
"pokemon_icon_459_00_shiny.png",TRUE,"459","_00"
"pokemon_icon_459_01.png",FALSE,"459","_01"
"pokemon_icon_459_01_shiny.png",TRUE,"459","_01"
"pokemon_icon_460_00.png",FALSE,"460","_00"
"pokemon_icon_460_00_shiny.png",TRUE,"460","_00"
"pokemon_icon_460_01.png",FALSE,"460","_01"
"pokemon_icon_460_01_shiny.png",TRUE,"460","_01"
"pokemon_icon_461_00.png",FALSE,"461","_00"
"pokemon_icon_461_00_shiny.png",TRUE,"461","_00"
"pokemon_icon_461_01.png",FALSE,"461","_01"
"pokemon_icon_461_01_shiny.png",TRUE,"461","_01"
"pokemon_icon_462_00.png",FALSE,"462","_00"
"pokemon_icon_462_00_shiny.png",TRUE,"462","_00"
"pokemon_icon_463_00.png",FALSE,"463","_00"
"pokemon_icon_463_00_shiny.png",TRUE,"463","_00"
"pokemon_icon_464_00.png",FALSE,"464","_00"
"pokemon_icon_464_00_shiny.png",TRUE,"464","_00"
"pokemon_icon_464_01.png",FALSE,"464","_01"
"pokemon_icon_464_01_shiny.png",TRUE,"464","_01"
"pokemon_icon_465_00.png",FALSE,"465","_00"
"pokemon_icon_465_00_shiny.png",TRUE,"465","_00"
"pokemon_icon_465_01.png",FALSE,"465","_01"
"pokemon_icon_465_01_shiny.png",TRUE,"465","_01"
"pokemon_icon_466_00.png",FALSE,"466","_00"
"pokemon_icon_466_00_shiny.png",TRUE,"466","_00"
"pokemon_icon_467_00.png",FALSE,"467","_00"
"pokemon_icon_467_00_shiny.png",TRUE,"467","_00"
"pokemon_icon_468_00.png",FALSE,"468","_00"
"pokemon_icon_468_00_shiny.png",TRUE,"468","_00"
"pokemon_icon_469_00.png",FALSE,"469","_00"
"pokemon_icon_469_00_shiny.png",TRUE,"469","_00"
"pokemon_icon_470_00.png",FALSE,"470","_00"
"pokemon_icon_470_00_07.png",FALSE,"470","_00_07"
"pokemon_icon_470_00_07_shiny.png",TRUE,"470","_00_07"
"pokemon_icon_470_00_shiny.png",TRUE,"470","_00"
"pokemon_icon_471_00.png",FALSE,"471","_00"
"pokemon_icon_471_00_07.png",FALSE,"471","_00_07"
"pokemon_icon_471_00_07_shiny.png",TRUE,"471","_00_07"
"pokemon_icon_471_00_shiny.png",TRUE,"471","_00"
"pokemon_icon_472_00.png",FALSE,"472","_00"
"pokemon_icon_472_00_shiny.png",TRUE,"472","_00"
"pokemon_icon_473_00.png",FALSE,"473","_00"
"pokemon_icon_473_00_shiny.png",TRUE,"473","_00"
"pokemon_icon_473_01.png",FALSE,"473","_01"
"pokemon_icon_473_01_shiny.png",TRUE,"473","_01"
"pokemon_icon_474_00.png",FALSE,"474","_00"
"pokemon_icon_474_00_shiny.png",TRUE,"474","_00"
"pokemon_icon_475_00.png",FALSE,"475","_00"
"pokemon_icon_475_00_shiny.png",TRUE,"475","_00"
"pokemon_icon_476_00.png",FALSE,"476","_00"
"pokemon_icon_476_00_shiny.png",TRUE,"476","_00"
"pokemon_icon_477_00.png",FALSE,"477","_00"
"pokemon_icon_477_00_shiny.png",TRUE,"477","_00"
"pokemon_icon_478_00.png",FALSE,"478","_00"
"pokemon_icon_478_00_shiny.png",TRUE,"478","_00"
"pokemon_icon_479_00.png",FALSE,"479","_00"
"pokemon_icon_479_00_shiny.png",TRUE,"479","_00"
"pokemon_icon_479_11.png",FALSE,"479","_11"
"pokemon_icon_479_11_shiny.png",TRUE,"479","_11"
"pokemon_icon_479_12.png",FALSE,"479","_12"
"pokemon_icon_479_12_shiny.png",TRUE,"479","_12"
"pokemon_icon_479_13.png",FALSE,"479","_13"
"pokemon_icon_479_13_shiny.png",TRUE,"479","_13"
"pokemon_icon_479_14.png",FALSE,"479","_14"
"pokemon_icon_479_14_shiny.png",TRUE,"479","_14"
"pokemon_icon_479_15.png",FALSE,"479","_15"
"pokemon_icon_479_15_shiny.png",TRUE,"479","_15"
"pokemon_icon_479_16.png",FALSE,"479","_16"
"pokemon_icon_479_16_shiny.png",TRUE,"479","_16"
"pokemon_icon_480_00.png",FALSE,"480","_00"
"pokemon_icon_480_00_shiny.png",TRUE,"480","_00"
"pokemon_icon_481_00.png",FALSE,"481","_00"
"pokemon_icon_481_00_shiny.png",TRUE,"481","_00"
"pokemon_icon_482_00.png",FALSE,"482","_00"
"pokemon_icon_482_00_shiny.png",TRUE,"482","_00"
"pokemon_icon_483_00.png",FALSE,"483","_00"
"pokemon_icon_483_00_shiny.png",TRUE,"483","_00"
"pokemon_icon_484_00.png",FALSE,"484","_00"
"pokemon_icon_484_00_shiny.png",TRUE,"484","_00"
"pokemon_icon_485_00.png",FALSE,"485","_00"
"pokemon_icon_485_00_shiny.png",TRUE,"485","_00"
"pokemon_icon_486_00.png",FALSE,"486","_00"
"pokemon_icon_486_00_shiny.png",TRUE,"486","_00"
"pokemon_icon_487_00.png",FALSE,"487","_00"
"pokemon_icon_487_00_shiny.png",TRUE,"487","_00"
"pokemon_icon_487_11.png",FALSE,"487","_11"
"pokemon_icon_487_11_shiny.png",TRUE,"487","_11"
"pokemon_icon_487_12.png",FALSE,"487","_12"
"pokemon_icon_487_12_shiny.png",TRUE,"487","_12"
"pokemon_icon_488_00.png",FALSE,"488","_00"
"pokemon_icon_488_00_shiny.png",TRUE,"488","_00"
"pokemon_icon_489_00.png",FALSE,"489","_00"
"pokemon_icon_489_00_shiny.png",TRUE,"489","_00"
"pokemon_icon_490_00.png",FALSE,"490","_00"
"pokemon_icon_490_00_shiny.png",TRUE,"490","_00"
"pokemon_icon_491_00.png",FALSE,"491","_00"
"pokemon_icon_491_00_shiny.png",TRUE,"491","_00"
"pokemon_icon_492_00.png",FALSE,"492","_00"
"pokemon_icon_492_00_shiny.png",TRUE,"492","_00"
"pokemon_icon_492_11.png",FALSE,"492","_11"
"pokemon_icon_492_11_shiny.png",TRUE,"492","_11"
"pokemon_icon_492_12.png",FALSE,"492","_12"
"pokemon_icon_492_12_shiny.png",TRUE,"492","_12"
"pokemon_icon_493_00.png",FALSE,"493","_00"
"pokemon_icon_493_00_shiny.png",TRUE,"493","_00"
"pokemon_icon_493_12.png",FALSE,"493","_12"
"pokemon_icon_493_12_shiny.png",TRUE,"493","_12"
"pokemon_icon_493_13.png",FALSE,"493","_13"
"pokemon_icon_493_13_shiny.png",TRUE,"493","_13"
"pokemon_icon_493_14.png",FALSE,"493","_14"
"pokemon_icon_493_14_shiny.png",TRUE,"493","_14"
"pokemon_icon_493_15.png",FALSE,"493","_15"
"pokemon_icon_493_15_shiny.png",TRUE,"493","_15"
"pokemon_icon_493_16.png",FALSE,"493","_16"
"pokemon_icon_493_16_shiny.png",TRUE,"493","_16"
"pokemon_icon_493_17.png",FALSE,"493","_17"
"pokemon_icon_493_17_shiny.png",TRUE,"493","_17"
"pokemon_icon_493_18.png",FALSE,"493","_18"
"pokemon_icon_493_18_shiny.png",TRUE,"493","_18"
"pokemon_icon_493_19.png",FALSE,"493","_19"
"pokemon_icon_493_19_shiny.png",TRUE,"493","_19"
"pokemon_icon_493_20.png",FALSE,"493","_20"
"pokemon_icon_493_20_shiny.png",TRUE,"493","_20"
"pokemon_icon_493_21.png",FALSE,"493","_21"
"pokemon_icon_493_21_shiny.png",TRUE,"493","_21"
"pokemon_icon_493_22.png",FALSE,"493","_22"
"pokemon_icon_493_22_shiny.png",TRUE,"493","_22"
"pokemon_icon_493_23.png",FALSE,"493","_23"
"pokemon_icon_493_23_shiny.png",TRUE,"493","_23"
"pokemon_icon_493_24.png",FALSE,"493","_24"
"pokemon_icon_493_24_shiny.png",TRUE,"493","_24"
"pokemon_icon_493_25.png",FALSE,"493","_25"
"pokemon_icon_493_25_shiny.png",TRUE,"493","_25"
"pokemon_icon_493_26.png",FALSE,"493","_26"
"pokemon_icon_493_26_shiny.png",TRUE,"493","_26"
"pokemon_icon_493_27.png",FALSE,"493","_27"
"pokemon_icon_493_27_shiny.png",TRUE,"493","_27"
"pokemon_icon_493_28.png",FALSE,"493","_28"
"pokemon_icon_493_28_shiny.png",TRUE,"493","_28"
"pokemon_icon_494_00.png",FALSE,"494","_00"
"pokemon_icon_494_00_shiny.png",TRUE,"494","_00"
"pokemon_icon_495_00.png",FALSE,"495","_00"
"pokemon_icon_495_00_shiny.png",TRUE,"495","_00"
"pokemon_icon_496_00.png",FALSE,"496","_00"
"pokemon_icon_496_00_shiny.png",TRUE,"496","_00"
"pokemon_icon_497_00.png",FALSE,"497","_00"
"pokemon_icon_497_00_shiny.png",TRUE,"497","_00"
"pokemon_icon_498_00.png",FALSE,"498","_00"
"pokemon_icon_498_00_shiny.png",TRUE,"498","_00"
"pokemon_icon_499_00.png",FALSE,"499","_00"
"pokemon_icon_499_00_shiny.png",TRUE,"499","_00"
"pokemon_icon_500_00.png",FALSE,"500","_00"
"pokemon_icon_500_00_shiny.png",TRUE,"500","_00"
"pokemon_icon_501_00.png",FALSE,"501","_00"
"pokemon_icon_501_00_shiny.png",TRUE,"501","_00"
"pokemon_icon_502_00.png",FALSE,"502","_00"
"pokemon_icon_502_00_shiny.png",TRUE,"502","_00"
"pokemon_icon_503_00.png",FALSE,"503","_00"
"pokemon_icon_503_00_shiny.png",TRUE,"503","_00"
"pokemon_icon_504_00.png",FALSE,"504","_00"
"pokemon_icon_504_00_shiny.png",TRUE,"504","_00"
"pokemon_icon_505_00.png",FALSE,"505","_00"
"pokemon_icon_505_00_shiny.png",TRUE,"505","_00"
"pokemon_icon_506_00.png",FALSE,"506","_00"
"pokemon_icon_506_00_shiny.png",TRUE,"506","_00"
"pokemon_icon_507_00.png",FALSE,"507","_00"
"pokemon_icon_507_00_shiny.png",TRUE,"507","_00"
"pokemon_icon_508_00.png",FALSE,"508","_00"
"pokemon_icon_508_00_shiny.png",TRUE,"508","_00"
"pokemon_icon_509_00.png",FALSE,"509","_00"
"pokemon_icon_509_00_shiny.png",TRUE,"509","_00"
"pokemon_icon_510_00.png",FALSE,"510","_00"
"pokemon_icon_510_00_shiny.png",TRUE,"510","_00"
"pokemon_icon_511_00.png",FALSE,"511","_00"
"pokemon_icon_511_00_shiny.png",TRUE,"511","_00"
"pokemon_icon_512_00.png",FALSE,"512","_00"
"pokemon_icon_512_00_shiny.png",TRUE,"512","_00"
"pokemon_icon_513_00.png",FALSE,"513","_00"
"pokemon_icon_513_00_shiny.png",TRUE,"513","_00"
"pokemon_icon_514_00.png",FALSE,"514","_00"
"pokemon_icon_514_00_shiny.png",TRUE,"514","_00"
"pokemon_icon_515_00.png",FALSE,"515","_00"
"pokemon_icon_515_00_shiny.png",TRUE,"515","_00"
"pokemon_icon_516_00.png",FALSE,"516","_00"
"pokemon_icon_516_00_shiny.png",TRUE,"516","_00"
"pokemon_icon_517_00.png",FALSE,"517","_00"
"pokemon_icon_517_00_shiny.png",TRUE,"517","_00"
"pokemon_icon_518_00.png",FALSE,"518","_00"
"pokemon_icon_518_00_shiny.png",TRUE,"518","_00"
"pokemon_icon_519_00.png",FALSE,"519","_00"
"pokemon_icon_519_00_shiny.png",TRUE,"519","_00"
"pokemon_icon_520_00.png",FALSE,"520","_00"
"pokemon_icon_520_00_shiny.png",TRUE,"520","_00"
"pokemon_icon_521_00.png",FALSE,"521","_00"
"pokemon_icon_521_00_shiny.png",TRUE,"521","_00"
"pokemon_icon_521_01.png",FALSE,"521","_01"
"pokemon_icon_521_01_shiny.png",TRUE,"521","_01"
"pokemon_icon_522_00.png",FALSE,"522","_00"
"pokemon_icon_522_00_shiny.png",TRUE,"522","_00"
"pokemon_icon_523_00.png",FALSE,"523","_00"
"pokemon_icon_523_00_shiny.png",TRUE,"523","_00"
"pokemon_icon_524_00.png",FALSE,"524","_00"
"pokemon_icon_524_00_shiny.png",TRUE,"524","_00"
"pokemon_icon_525_00.png",FALSE,"525","_00"
"pokemon_icon_525_00_shiny.png",TRUE,"525","_00"
"pokemon_icon_526_00.png",FALSE,"526","_00"
"pokemon_icon_526_00_shiny.png",TRUE,"526","_00"
"pokemon_icon_527_00.png",FALSE,"527","_00"
"pokemon_icon_527_00_shiny.png",TRUE,"527","_00"
"pokemon_icon_528_00.png",FALSE,"528","_00"
"pokemon_icon_528_00_shiny.png",TRUE,"528","_00"
"pokemon_icon_529_00.png",FALSE,"529","_00"
"pokemon_icon_529_00_shiny.png",TRUE,"529","_00"
"pokemon_icon_530_00.png",FALSE,"530","_00"
"pokemon_icon_530_00_shiny.png",TRUE,"530","_00"
"pokemon_icon_531_00.png",FALSE,"531","_00"
"pokemon_icon_531_00_shiny.png",TRUE,"531","_00"
"pokemon_icon_532_00.png",FALSE,"532","_00"
"pokemon_icon_532_00_shiny.png",TRUE,"532","_00"
"pokemon_icon_533_00.png",FALSE,"533","_00"
"pokemon_icon_533_00_shiny.png",TRUE,"533","_00"
"pokemon_icon_534_00.png",FALSE,"534","_00"
"pokemon_icon_534_00_shiny.png",TRUE,"534","_00"
"pokemon_icon_535_00.png",FALSE,"535","_00"
"pokemon_icon_535_00_shiny.png",TRUE,"535","_00"
"pokemon_icon_536_00.png",FALSE,"536","_00"
"pokemon_icon_536_00_shiny.png",TRUE,"536","_00"
"pokemon_icon_537_00.png",FALSE,"537","_00"
"pokemon_icon_537_00_shiny.png",TRUE,"537","_00"
"pokemon_icon_538_00.png",FALSE,"538","_00"
"pokemon_icon_538_00_shiny.png",TRUE,"538","_00"
"pokemon_icon_539_00.png",FALSE,"539","_00"
"pokemon_icon_539_00_shiny.png",TRUE,"539","_00"
"pokemon_icon_540_00.png",FALSE,"540","_00"
"pokemon_icon_540_00_shiny.png",TRUE,"540","_00"
"pokemon_icon_541_00.png",FALSE,"541","_00"
"pokemon_icon_541_00_shiny.png",TRUE,"541","_00"
"pokemon_icon_542_00.png",FALSE,"542","_00"
"pokemon_icon_542_00_shiny.png",TRUE,"542","_00"
"pokemon_icon_543_00.png",FALSE,"543","_00"
"pokemon_icon_543_00_shiny.png",TRUE,"543","_00"
"pokemon_icon_544_00.png",FALSE,"544","_00"
"pokemon_icon_544_00_shiny.png",TRUE,"544","_00"
"pokemon_icon_545_00.png",FALSE,"545","_00"
"pokemon_icon_545_00_shiny.png",TRUE,"545","_00"
"pokemon_icon_546_00.png",FALSE,"546","_00"
"pokemon_icon_546_00_shiny.png",TRUE,"546","_00"
"pokemon_icon_547_00.png",FALSE,"547","_00"
"pokemon_icon_547_00_shiny.png",TRUE,"547","_00"
"pokemon_icon_548_00.png",FALSE,"548","_00"
"pokemon_icon_548_00_shiny.png",TRUE,"548","_00"
"pokemon_icon_549_00.png",FALSE,"549","_00"
"pokemon_icon_549_00_shiny.png",TRUE,"549","_00"
"pokemon_icon_550_11.png",FALSE,"550","_11"
"pokemon_icon_550_11_shiny.png",TRUE,"550","_11"
"pokemon_icon_550_12.png",FALSE,"550","_12"
"pokemon_icon_550_12_shiny.png",TRUE,"550","_12"
"pokemon_icon_551_00.png",FALSE,"551","_00"
"pokemon_icon_551_00_shiny.png",TRUE,"551","_00"
"pokemon_icon_552_00.png",FALSE,"552","_00"
"pokemon_icon_552_00_shiny.png",TRUE,"552","_00"
"pokemon_icon_553_00.png",FALSE,"553","_00"
"pokemon_icon_553_00_shiny.png",TRUE,"553","_00"
"pokemon_icon_554_00.png",FALSE,"554","_00"
"pokemon_icon_554_00_shiny.png",TRUE,"554","_00"
"pokemon_icon_554_31.png",FALSE,"554","_31"
"pokemon_icon_554_31_shiny.png",TRUE,"554","_31"
"pokemon_icon_555_11.png",FALSE,"555","_11"
"pokemon_icon_555_11_shiny.png",TRUE,"555","_11"
"pokemon_icon_555_12.png",FALSE,"555","_12"
"pokemon_icon_555_12_shiny.png",TRUE,"555","_12"
"pokemon_icon_555_31.png",FALSE,"555","_31"
"pokemon_icon_555_31_shiny.png",TRUE,"555","_31"
"pokemon_icon_555_32.png",FALSE,"555","_32"
"pokemon_icon_555_32_shiny.png",TRUE,"555","_32"
"pokemon_icon_556_00.png",FALSE,"556","_00"
"pokemon_icon_556_00_shiny.png",TRUE,"556","_00"
"pokemon_icon_557_00.png",FALSE,"557","_00"
"pokemon_icon_557_00_shiny.png",TRUE,"557","_00"
"pokemon_icon_558_00.png",FALSE,"558","_00"
"pokemon_icon_558_00_shiny.png",TRUE,"558","_00"
"pokemon_icon_559_00.png",FALSE,"559","_00"
"pokemon_icon_559_00_shiny.png",TRUE,"559","_00"
"pokemon_icon_560_00.png",FALSE,"560","_00"
"pokemon_icon_560_00_shiny.png",TRUE,"560","_00"
"pokemon_icon_561_00.png",FALSE,"561","_00"
"pokemon_icon_561_00_shiny.png",TRUE,"561","_00"
"pokemon_icon_562_00.png",FALSE,"562","_00"
"pokemon_icon_562_00_shiny.png",TRUE,"562","_00"
"pokemon_icon_563_00.png",FALSE,"563","_00"
"pokemon_icon_563_00_shiny.png",TRUE,"563","_00"
"pokemon_icon_564_00.png",FALSE,"564","_00"
"pokemon_icon_564_00_shiny.png",TRUE,"564","_00"
"pokemon_icon_565_00.png",FALSE,"565","_00"
"pokemon_icon_565_00_shiny.png",TRUE,"565","_00"
"pokemon_icon_566_00.png",FALSE,"566","_00"
"pokemon_icon_566_00_shiny.png",TRUE,"566","_00"
"pokemon_icon_567_00.png",FALSE,"567","_00"
"pokemon_icon_567_00_shiny.png",TRUE,"567","_00"
"pokemon_icon_568_00.png",FALSE,"568","_00"
"pokemon_icon_568_00_shiny.png",TRUE,"568","_00"
"pokemon_icon_569_00.png",FALSE,"569","_00"
"pokemon_icon_569_00_shiny.png",TRUE,"569","_00"
"pokemon_icon_570_00.png",FALSE,"570","_00"
"pokemon_icon_570_00_shiny.png",TRUE,"570","_00"
"pokemon_icon_571_00.png",FALSE,"571","_00"
"pokemon_icon_571_00_shiny.png",TRUE,"571","_00"
"pokemon_icon_572_00.png",FALSE,"572","_00"
"pokemon_icon_572_00_shiny.png",TRUE,"572","_00"
"pokemon_icon_573_00.png",FALSE,"573","_00"
"pokemon_icon_573_00_shiny.png",TRUE,"573","_00"
"pokemon_icon_574_00.png",FALSE,"574","_00"
"pokemon_icon_574_00_shiny.png",TRUE,"574","_00"
"pokemon_icon_575_00.png",FALSE,"575","_00"
"pokemon_icon_575_00_shiny.png",TRUE,"575","_00"
"pokemon_icon_576_00.png",FALSE,"576","_00"
"pokemon_icon_576_00_shiny.png",TRUE,"576","_00"
"pokemon_icon_577_00.png",FALSE,"577","_00"
"pokemon_icon_577_00_shiny.png",TRUE,"577","_00"
"pokemon_icon_578_00.png",FALSE,"578","_00"
"pokemon_icon_578_00_shiny.png",TRUE,"578","_00"
"pokemon_icon_579_00.png",FALSE,"579","_00"
"pokemon_icon_579_00_shiny.png",TRUE,"579","_00"
"pokemon_icon_580_00.png",FALSE,"580","_00"
"pokemon_icon_580_00_shiny.png",TRUE,"580","_00"
"pokemon_icon_581_00.png",FALSE,"581","_00"
"pokemon_icon_581_00_shiny.png",TRUE,"581","_00"
"pokemon_icon_582_00.png",FALSE,"582","_00"
"pokemon_icon_582_00_shiny.png",TRUE,"582","_00"
"pokemon_icon_583_00.png",FALSE,"583","_00"
"pokemon_icon_583_00_shiny.png",TRUE,"583","_00"
"pokemon_icon_584_00.png",FALSE,"584","_00"
"pokemon_icon_584_00_shiny.png",TRUE,"584","_00"
"pokemon_icon_585_11.png",FALSE,"585","_11"
"pokemon_icon_585_11_shiny.png",TRUE,"585","_11"
"pokemon_icon_585_12.png",FALSE,"585","_12"
"pokemon_icon_585_12_shiny.png",TRUE,"585","_12"
"pokemon_icon_585_13.png",FALSE,"585","_13"
"pokemon_icon_585_13_shiny.png",TRUE,"585","_13"
"pokemon_icon_585_14.png",FALSE,"585","_14"
"pokemon_icon_585_14_shiny.png",TRUE,"585","_14"
"pokemon_icon_586_11.png",FALSE,"586","_11"
"pokemon_icon_586_11_shiny.png",TRUE,"586","_11"
"pokemon_icon_586_12.png",FALSE,"586","_12"
"pokemon_icon_586_12_shiny.png",TRUE,"586","_12"
"pokemon_icon_586_13.png",FALSE,"586","_13"
"pokemon_icon_586_13_shiny.png",TRUE,"586","_13"
"pokemon_icon_586_14.png",FALSE,"586","_14"
"pokemon_icon_586_14_shiny.png",TRUE,"586","_14"
"pokemon_icon_587_00.png",FALSE,"587","_00"
"pokemon_icon_587_00_shiny.png",TRUE,"587","_00"
"pokemon_icon_588_00.png",FALSE,"588","_00"
"pokemon_icon_588_00_shiny.png",TRUE,"588","_00"
"pokemon_icon_589_00.png",FALSE,"589","_00"
"pokemon_icon_589_00_shiny.png",TRUE,"589","_00"
"pokemon_icon_590_00.png",FALSE,"590","_00"
"pokemon_icon_590_00_shiny.png",TRUE,"590","_00"
"pokemon_icon_591_00.png",FALSE,"591","_00"
"pokemon_icon_591_00_shiny.png",TRUE,"591","_00"
"pokemon_icon_592_00.png",FALSE,"592","_00"
"pokemon_icon_592_00_shiny.png",TRUE,"592","_00"
"pokemon_icon_592_01.png",FALSE,"592","_01"
"pokemon_icon_592_01_shiny.png",TRUE,"592","_01"
"pokemon_icon_593_00.png",FALSE,"593","_00"
"pokemon_icon_593_00_shiny.png",TRUE,"593","_00"
"pokemon_icon_593_01.png",FALSE,"593","_01"
"pokemon_icon_593_01_shiny.png",TRUE,"593","_01"
"pokemon_icon_594_00.png",FALSE,"594","_00"
"pokemon_icon_594_00_shiny.png",TRUE,"594","_00"
"pokemon_icon_595_00.png",FALSE,"595","_00"
"pokemon_icon_595_00_shiny.png",TRUE,"595","_00"
"pokemon_icon_596_00.png",FALSE,"596","_00"
"pokemon_icon_596_00_shiny.png",TRUE,"596","_00"
"pokemon_icon_597_00.png",FALSE,"597","_00"
"pokemon_icon_597_00_shiny.png",TRUE,"597","_00"
"pokemon_icon_598_00.png",FALSE,"598","_00"
"pokemon_icon_598_00_shiny.png",TRUE,"598","_00"
"pokemon_icon_599_00.png",FALSE,"599","_00"
"pokemon_icon_599_00_shiny.png",TRUE,"599","_00"
"pokemon_icon_600_00.png",FALSE,"600","_00"
"pokemon_icon_600_00_shiny.png",TRUE,"600","_00"
"pokemon_icon_601_00.png",FALSE,"601","_00"
"pokemon_icon_601_00_shiny.png",TRUE,"601","_00"
"pokemon_icon_602_00.png",FALSE,"602","_00"
"pokemon_icon_602_00_shiny.png",TRUE,"602","_00"
"pokemon_icon_603_00.png",FALSE,"603","_00"
"pokemon_icon_603_00_shiny.png",TRUE,"603","_00"
"pokemon_icon_604_00.png",FALSE,"604","_00"
"pokemon_icon_604_00_shiny.png",TRUE,"604","_00"
"pokemon_icon_605_00.png",FALSE,"605","_00"
"pokemon_icon_605_00_shiny.png",TRUE,"605","_00"
"pokemon_icon_606_00.png",FALSE,"606","_00"
"pokemon_icon_606_00_shiny.png",TRUE,"606","_00"
"pokemon_icon_607_00.png",FALSE,"607","_00"
"pokemon_icon_607_00_shiny.png",TRUE,"607","_00"
"pokemon_icon_608_00.png",FALSE,"608","_00"
"pokemon_icon_608_00_shiny.png",TRUE,"608","_00"
"pokemon_icon_609_00.png",FALSE,"609","_00"
"pokemon_icon_609_00_shiny.png",TRUE,"609","_00"
"pokemon_icon_610_00.png",FALSE,"610","_00"
"pokemon_icon_610_00_shiny.png",TRUE,"610","_00"
"pokemon_icon_611_00.png",FALSE,"611","_00"
"pokemon_icon_611_00_shiny.png",TRUE,"611","_00"
"pokemon_icon_612_00.png",FALSE,"612","_00"
"pokemon_icon_612_00_shiny.png",TRUE,"612","_00"
"pokemon_icon_613_00.png",FALSE,"613","_00"
"pokemon_icon_613_00_shiny.png",TRUE,"613","_00"
"pokemon_icon_614_00.png",FALSE,"614","_00"
"pokemon_icon_614_00_shiny.png",TRUE,"614","_00"
"pokemon_icon_615_00.png",FALSE,"615","_00"
"pokemon_icon_615_00_shiny.png",TRUE,"615","_00"
"pokemon_icon_616_00.png",FALSE,"616","_00"
"pokemon_icon_616_00_shiny.png",TRUE,"616","_00"
"pokemon_icon_617_00.png",FALSE,"617","_00"
"pokemon_icon_617_00_shiny.png",TRUE,"617","_00"
"pokemon_icon_618_00.png",FALSE,"618","_00"
"pokemon_icon_618_00_shiny.png",TRUE,"618","_00"
"pokemon_icon_618_31.png",FALSE,"618","_31"
"pokemon_icon_618_31_shiny.png",TRUE,"618","_31"
"pokemon_icon_619_00.png",FALSE,"619","_00"
"pokemon_icon_619_00_shiny.png",TRUE,"619","_00"
"pokemon_icon_620_00.png",FALSE,"620","_00"
"pokemon_icon_620_00_shiny.png",TRUE,"620","_00"
"pokemon_icon_621_00.png",FALSE,"621","_00"
"pokemon_icon_621_00_shiny.png",TRUE,"621","_00"
"pokemon_icon_622_00.png",FALSE,"622","_00"
"pokemon_icon_622_00_shiny.png",TRUE,"622","_00"
"pokemon_icon_623_00.png",FALSE,"623","_00"
"pokemon_icon_623_00_shiny.png",TRUE,"623","_00"
"pokemon_icon_624_00.png",FALSE,"624","_00"
"pokemon_icon_624_00_shiny.png",TRUE,"624","_00"
"pokemon_icon_625_00.png",FALSE,"625","_00"
"pokemon_icon_625_00_shiny.png",TRUE,"625","_00"
"pokemon_icon_626_00.png",FALSE,"626","_00"
"pokemon_icon_626_00_shiny.png",TRUE,"626","_00"
"pokemon_icon_627_00.png",FALSE,"627","_00"
"pokemon_icon_627_00_shiny.png",TRUE,"627","_00"
"pokemon_icon_628_00.png",FALSE,"628","_00"
"pokemon_icon_628_00_shiny.png",TRUE,"628","_00"
"pokemon_icon_629_00.png",FALSE,"629","_00"
"pokemon_icon_629_00_shiny.png",TRUE,"629","_00"
"pokemon_icon_630_00.png",FALSE,"630","_00"
"pokemon_icon_630_00_shiny.png",TRUE,"630","_00"
"pokemon_icon_631_00.png",FALSE,"631","_00"
"pokemon_icon_631_00_shiny.png",TRUE,"631","_00"
"pokemon_icon_632_00.png",FALSE,"632","_00"
"pokemon_icon_632_00_shiny.png",TRUE,"632","_00"
"pokemon_icon_633_00.png",FALSE,"633","_00"
"pokemon_icon_633_00_shiny.png",TRUE,"633","_00"
"pokemon_icon_634_00.png",FALSE,"634","_00"
"pokemon_icon_634_00_shiny.png",TRUE,"634","_00"
"pokemon_icon_635_00.png",FALSE,"635","_00"
"pokemon_icon_635_00_shiny.png",TRUE,"635","_00"
"pokemon_icon_636_00.png",FALSE,"636","_00"
"pokemon_icon_636_00_shiny.png",TRUE,"636","_00"
"pokemon_icon_637_00.png",FALSE,"637","_00"
"pokemon_icon_637_00_shiny.png",TRUE,"637","_00"
"pokemon_icon_638_00.png",FALSE,"638","_00"
"pokemon_icon_638_00_shiny.png",TRUE,"638","_00"
"pokemon_icon_639_00.png",FALSE,"639","_00"
"pokemon_icon_639_00_shiny.png",TRUE,"639","_00"
"pokemon_icon_640_00.png",FALSE,"640","_00"
"pokemon_icon_640_00_shiny.png",TRUE,"640","_00"
"pokemon_icon_641_11.png",FALSE,"641","_11"
"pokemon_icon_641_11_shiny.png",TRUE,"641","_11"
"pokemon_icon_641_12.png",FALSE,"641","_12"
"pokemon_icon_641_12_shiny.png",TRUE,"641","_12"
"pokemon_icon_642_11.png",FALSE,"642","_11"
"pokemon_icon_642_11_shiny.png",TRUE,"642","_11"
"pokemon_icon_642_12.png",FALSE,"642","_12"
"pokemon_icon_642_12_shiny.png",TRUE,"642","_12"
"pokemon_icon_643_00.png",FALSE,"643","_00"
"pokemon_icon_643_00_shiny.png",TRUE,"643","_00"
"pokemon_icon_644_00.png",FALSE,"644","_00"
"pokemon_icon_644_00_shiny.png",TRUE,"644","_00"
"pokemon_icon_645_11.png",FALSE,"645","_11"
"pokemon_icon_645_11_shiny.png",TRUE,"645","_11"
"pokemon_icon_645_12.png",FALSE,"645","_12"
"pokemon_icon_645_12_shiny.png",TRUE,"645","_12"
"pokemon_icon_646_11.png",FALSE,"646","_11"
"pokemon_icon_646_11_shiny.png",TRUE,"646","_11"
"pokemon_icon_646_12.png",FALSE,"646","_12"
"pokemon_icon_646_12_shiny.png",TRUE,"646","_12"
"pokemon_icon_646_13.png",FALSE,"646","_13"
"pokemon_icon_646_13_shiny.png",TRUE,"646","_13"
"pokemon_icon_647_11.png",FALSE,"647","_11"
"pokemon_icon_647_11_shiny.png",TRUE,"647","_11"
"pokemon_icon_647_12.png",FALSE,"647","_12"
"pokemon_icon_647_12_shiny.png",TRUE,"647","_12"
"pokemon_icon_648_11.png",FALSE,"648","_11"
"pokemon_icon_648_11_shiny.png",TRUE,"648","_11"
"pokemon_icon_648_12.png",FALSE,"648","_12"
"pokemon_icon_648_12_shiny.png",TRUE,"648","_12"
"pokemon_icon_649_11.png",FALSE,"649","_11"
"pokemon_icon_649_11_shiny.png",TRUE,"649","_11"
"pokemon_icon_649_12.png",FALSE,"649","_12"
"pokemon_icon_649_12_shiny.png",TRUE,"649","_12"
"pokemon_icon_649_13.png",FALSE,"649","_13"
"pokemon_icon_649_13_shiny.png",TRUE,"649","_13"
"pokemon_icon_649_14.png",FALSE,"649","_14"
"pokemon_icon_649_14_shiny.png",TRUE,"649","_14"
"pokemon_icon_649_15.png",FALSE,"649","_15"
"pokemon_icon_649_15_shiny.png",TRUE,"649","_15"
"pokemon_icon_808_00.png",FALSE,"808","_00"
"pokemon_icon_808_00_shiny.png",TRUE,"808","_00"
"pokemon_icon_809_00.png",FALSE,"809","_00"
"pokemon_icon_809_00_shiny.png",TRUE,"809","_00"
"pokemon_icon_862_31.png",FALSE,"862","_31"
"pokemon_icon_862_31_shiny.png",TRUE,"862","_31"
"pokemon_icon_863_31.png",FALSE,"863","_31"
"pokemon_icon_863_31_shiny.png",TRUE,"863","_31"
"pokemon_icon_865_31.png",FALSE,"865","_31"
"pokemon_icon_865_31_shiny.png",TRUE,"865","_31"
"pokemon_icon_891_00.png",FALSE,"891","_00"
"pokemon_icon_891_00_shiny.png",TRUE,"891","_00"
"pokemon_icon_892_00.png",FALSE,"892","_00"
"pokemon_icon_892_00_shiny.png",TRUE,"892","_00"
"pokemon_icon_pm0001_00_pgo_fall2019.png",FALSE,"pm0","001_00_pgo_fall2019"
"pokemon_icon_pm0001_00_pgo_fall2019_shiny.png",TRUE,"pm0","001_00_pgo_fall2019"
"pokemon_icon_pm0003_00_pgo_copy2019.png",FALSE,"pm0","003_00_pgo_copy2019"
"pokemon_icon_pm0003_01_pgo_copy2019.png",FALSE,"pm0","003_01_pgo_copy2019"
"pokemon_icon_pm0004_00_pgo_fall2019.png",FALSE,"pm0","004_00_pgo_fall2019"
"pokemon_icon_pm0004_00_pgo_fall2019_shiny.png",TRUE,"pm0","004_00_pgo_fall2019"
"pokemon_icon_pm0006_00_pgo_copy2019.png",FALSE,"pm0","006_00_pgo_copy2019"
"pokemon_icon_pm0007_00_pgo_fall2019.png",FALSE,"pm0","007_00_pgo_fall2019"
"pokemon_icon_pm0007_00_pgo_fall2019_shiny.png",TRUE,"pm0","007_00_pgo_fall2019"
"pokemon_icon_pm0009_00_pgo_copy2019.png",FALSE,"pm0","009_00_pgo_copy2019"
"pokemon_icon_pm0025_00_pgo_4thanniversary.png",FALSE,"pm0","025_00_pgo_4thanniv"
"pokemon_icon_pm0025_00_pgo_4thanniversary_shiny.png",TRUE,"pm0","025_00_pgo_4thanniversary"
"pokemon_icon_pm0025_00_pgo_copy2019.png",FALSE,"pm0","025_00_pgo_copy2019"
"pokemon_icon_pm0025_00_pgo_fall2019.png",FALSE,"pm0","025_00_pgo_fall2019"
"pokemon_icon_pm0025_00_pgo_fall2019_shiny.png",TRUE,"pm0","025_00_pgo_fall2019"
"pokemon_icon_pm0025_01_pgo_4thanniversary.png",FALSE,"pm0","025_01_pgo_4thanniv"
"pokemon_icon_pm0025_01_pgo_4thanniversary_shiny.png",TRUE,"pm0","025_01_pgo_4thanniversary"
"pokemon_icon_pm0025_01_pgo_copy2019.png",FALSE,"pm0","025_01_pgo_copy2019"
"pokemon_icon_pm0025_01_pgo_fall2019.png",FALSE,"pm0","025_01_pgo_fall2019"
"pokemon_icon_pm0025_01_pgo_fall2019_shiny.png",TRUE,"pm0","025_01_pgo_fall2019"
"pokemon_icon_pm0150_00_pgo_a.png",FALSE,"pm0","150_00_pgo_a"
"pokemon_icon_pm0150_00_pgo_a_shiny.png",TRUE,"pm0","150_00_pgo_a"
